Workbook

Sheet ARIYALUR
A1: ARIYALUR
A2: SR. NO. | B2: NAME OF SCHOOL | C2: PRINCIPAL/TEACHER NAME | D2: CONT NO | E2: E. MAIL ID | F2: ADDRESS | G2: STATIONS | H2: BOARD | I2: STR | J2: SEP1ST | M2: SEP 2ND | P2: DEC 1ST | S2: DEC 2ND | V2: JAN 1ST | Y2: JAN 2ND | AB2: FEB IST | AE2: FEB IIND | AH2: MAR 1ST | AK2: MAR 2ND | AN2: APR 1ST | AQ2: APR2ND | AT2: MAY 1ST | AW2: MAY 2ND | AZ2: JUN 1ST | BC2: JUN 2ND | BF2: JUL 1ST | BI2: JUL 2ND | BL2: AUG 1ST | BO2: AUG 2ND | BR2: C | BS2: SPECIMEN- GIVEN | BT2: SPECIMEN - REQ. | BU2: VISIT DETIALS & COMMENTS
C3: PH. NO. | J3: I | K3: II | L3: III | M3: I | N3: II | O3: III | P3: I | Q3: II | R3: III | S3: I | T3: II | U3: III | V3: I | W3: II | X3: III | Y3: I | Z3: II | AA3: III | AB3: I | AC3: II | AD3: III | AE3: I | AF3: II | AG3: III | AH3: I | AI3: II | AJ3: III | AK3: I | AL3: II | AM3: III | AN3: I | AO3: II | AP3: III | AQ3: I | AR3: II | AS3: III | AT3: I | AU3: II | AV3: III | AW3: I | AX3: II | AY3: III | AZ3: I | BA3: II | BB3: III | BC3: I | BD3: II | BE3: III | BF3: I | BG3: II | BH3: III | BI3: I | BJ3: II | BK3: III | BL3: I | BM3: II | BN3: III | BO3: I | BP3: II | BQ3: III
A4: =ROW()-3 -> 1 | B4: Golden gates | C4: Gomathi | G4: Ariyalur | H4: CBSE | I4: 850 | V4: P | BR4: =COUNTA(J4:BQ4) -> 1 | BS4: JAN08-Aptitude ace | BU4: JAN08-SPEC. GVN. | BV4: =IF(BR4<=0,"0",IF(BR4=1,"1",IF(BR4=2,"2",IF(BR4=3,"3",IF(BR4>=4,"4"))))) -> 1
A5: =ROW()-3 -> 2 | B5: Hans rover | C5: Jacqueline | G5: Ariyalur | H5: CBSE | V5: P | Y5: P | BR5: =COUNTA(J5:BQ5) -> 2 | BS5: JAN29-Science lab manual 9&10 | BT5: JAN08-REQ | BU5: JAN29-SPEC GVN. JAN08-SAMPLING AFTER PONGAL. | BV5: =IF(BR5<=0,"0",IF(BR5=1,"1",IF(BR5=2,"2",IF(BR5=3,"3",IF(BR5>=4,"4"))))) -> 2
A6: =ROW()-3 -> 3 | B6: RAMCO | C6: ishwarya | G6: Ariyalur | H6: CBSE | V6: P | Y6: P | BR6: =COUNTA(J6:BQ6) -> 2 | BS6: JAN08-Hindi books 1to8, grammar 1to8 | BU6: JAN29-Order finalized JAN08-SPEC. GVN. | BV6: =IF(BR6<=0,"0",IF(BR6=1,"1",IF(BR6=2,"2",IF(BR6=3,"3",IF(BR6>=4,"4"))))) -> 2
A7: =ROW()-3 -> 4 | B7: RAMAKRISHNA PUBLIC | C7: sharmila | D7: 9443193232 | E7: ramakrishnapublicschool@gmail.com | G7: Ariyalur | H7: CBSE | I7: 650 | S7: P | V7: P | BR7: =COUNTA(J7:BQ7) -> 2 | BS7: JAN08-computer books 1to8 | BT7: DEC30-REQ | BU7: JAN08-SPEC. GVN. DEC30-SAMPLING IN JAN. | BV7: =IF(BR7<=0,"0",IF(BR7=1,"1",IF(BR7=2,"2",IF(BR7=3,"3",IF(BR7>=4,"4"))))) -> 2
A9: =ROW()-4 -> 5 | B9: SAKTHI SAI | C9: Sumathi | G9: Ariyalur | H9: STATE | I9: 700 | S9: P | BR9: =COUNTA(J9:BQ9) -> 1 | BT9: DEC30-REQ | BU9: DEC30-SAMPLING IN JAN. | BV9: =IF(BR9<=0,"0",IF(BR9=1,"1",IF(BR9=2,"2",IF(BR9=3,"3",IF(BR9>=4,"4"))))) -> 1
A25: =ROW()-3 -> 22 | B25: ADITHYA BIRLA | C25: abraham | D25: 9443300262 | E25: adithyabirla@gmail.com | G25: Ariyalur | H25: CBSE | I25: 600 | S25: P | V25: P | BR25: =COUNTA(J25:BQ25) -> 2 | BS25: JAN08-Hindi,gk, computer books 1to8 | BT25: DEC30-REQ | BU25: JAN08-SPEC. GVN. DEC30-SAMPLING IN JAN. | BV25: =IF(BR25<=0,"0",IF(BR25=1,"1",IF(BR25=2,"2",IF(BR25=3,"3",IF(BR25>=4,"4"))))) -> 2
A26: =ROW()-3 -> 23 | B26: DALMIYA VIDHYA | C26: Christopherdes | D26: 8630230691 | E26: dalmiyavidyamandir@gmail.com | G26: Ariyalur | H26: CBSE | I26: 900 | S26: P | BR26: =COUNTA(J26:BQ26) -> 1 | BT26: DEC30-SAMPLE BOOK | BU26: DEC30-WANT SPEC. | BV26: =IF(BR26<=0,"0",IF(BR26=1,"1",IF(BR26=2,"2",IF(BR26=3,"3",IF(BR26>=4,"4"))))) -> 1
A27: =ROW()-3 -> 24 | B27: Christ the King | C27: Amutha rani | E27: 650 | G27: Ariyalur | H27: CBSE | I27: 650 | Y27: P | BR27: =COUNTA(J27:BQ27) -> 1 | BS27: JAN29-English, maths assignment 1to3, rise and shine term book 4&5 | BU27: JAN29-SPEC. GVN. | BV27: =IF(BR27<=0,"0",IF(BR27=1,"1",IF(BR27=2,"2",IF(BR27=3,"3",IF(BR27>=4,"4"))))) -> 1
A28: 4 | B28: RAMCO | C28: ishwarya | D28: 9710578836 | E28: ramcovidyamandir@gmail.com | G28: Ariyalur | H28: CBSE | I28: 800 | BR28: =COUNTA(J28:BQ28) -> 0 | BV28: =IF(BR28<=0,"0",IF(BR28=1,"1",IF(BR28=2,"2",IF(BR28=3,"3",IF(BR28>=4,"4"))))) -> 0

Sheet DINDIGUL
A1: DINDIGUL
A2: SR. NO. | B2: NAME OF SCHOOL | C2: PRINCIPAL/TEACHER NAME | D2: CONT NO | E2: E. MAIL ID | F2: ADDRESS | G2: STATIONS | H2: BOARD | I2: STR | J2: SEP1ST | M2: SEP 2ND | P2: OCT1ST | S2: OCT 2ND | V2: 37196 | Y2: 37561 | AB2: DEC 1ST | AE2: DEC 2ND | AH2: JAN 1ST | AK2: JAN 2ND | AN2: FEB IST | AQ2: FEB IIND | AT2: MAR 1ST | AW2: MAR 2ND | AZ2: APR 1ST | BC2: APR2ND | BF2: MAY 1ST | BI2: MAY 2ND | BL2: JUN 1ST | BO2: JUN 2ND | BR2: JUL 1ST | BU2: JUL 2ND | BX2: AUG 1ST | CA2: AUG 2ND | CD2: C | CE2: SPECIMEN- GIVEN | CF2: SPECIMEN - REQ. | CG2: VISIT DETIALS & COMMENTS
C3: PH. NO. | J3: I | K3: II | L3: III | M3: I | N3: II | O3: III | P3: I | Q3: II | R3: III | S3: I | T3: II | U3: III | V3: I | W3: II | X3: III | Y3: I | Z3: II | AA3: III | AB3: I | AC3: II | AD3: III | AE3: I | AF3: II | AG3: III | AH3: I | AI3: II | AJ3: III | AK3: I | AL3: II | AM3: III | AN3: I | AO3: II | AP3: III | AQ3: I | AR3: II | AS3: III | AT3: I | AU3: II | AV3: III | AW3: I | AX3: II | AY3: III | AZ3: I | BA3: II | BB3: III | BC3: I | BD3: II | BE3: III | BF3: I | BG3: II | BH3: III | BI3: I | BJ3: II | BK3: III | BL3: I | BM3: II | BN3: III | BO3: I | BP3: II | BQ3: III | BR3: I | BS3: II | BT3: III | BU3: I | BV3: II | BW3: III | BX3: I | BY3: II | BZ3: III | CA3: I | CB3: II | CC3: III
A4: =ROW()-3 -> 1 | B4: ST.ANTONY CONVERT | C4: SIS.prasanna | E4: stantonycovent@gmail.com | G4: Dindigul | H4: CBSE | I4: 850 | P4: P | V4: P | Y4: P | AH4: P | AK4: P | AQ4: P | CD4: =COUNTA(J4:CC4) -> 6 | CE4: JAN06-Given patterns semester books 1to5, speak and write 1to 8 | CF4: NOV-21 SMESTER BOOKS 1-5TH NOV05-REQ | CG4: FEB17-Order not finalized JAN25-Books not finalized JAN06-SPEC. GVN LST FINAL AFTER PONGAL. NOV-21 WANT SPECIMEN IN DEC END NOV05-SAMPLING NOV END. OCT14-F.UP VST. | CH4: =IF(CD4<=0,"0",IF(CD4=1,"1",IF(CD4=2,"2",IF(CD4=3,"3",IF(CD4>=4,"4"))))) -> 4
A5: =ROW()-3 -> 2 | B5: SAKTHI SAI MATRIC SCHOOL | G5: Dindigul | H5: CBSE | I5: 520 | P5: P | S5: P | V5: P | Y5: P | AH5: P | AK5: P | AL5: P | AQ5: P | CD5: =COUNTA(J5:CC5) -> 8 | CE5: JAN25-Kg books JAN06-Science 1to8, social 1to5, english 1to8 | CF5: NOV-21 NON CARE TITLES NOV05-REQ | CG5: FEB17-Order not finalized JAN25-SPEC. GVN. JAN06-SPEC. GVN. NOV-21 WANT SPECIMEN IN FEB 2ND WEEK NOV05-SAMPLING IN FEB. OCT19-SAMPLING IN JAN. OCT04-VST FOR ORDER. | CH5: =IF(CD5<=0,"0",IF(CD5=1,"1",IF(CD5=2,"2",IF(CD5=3,"3",IF(CD5>=4,"4"))))) -> 4
A6: =ROW()-3 -> 3 | B6: SUNDARAJANVIDYALAYA | C6: angalaeswari | D6: 0451-2471700 | E6: soundaraja2002@yahoo.com | G6: Dindigul | H6: CBSE | I6: 900 | P6: P | Z6: P | AH6: P | AQ6: P | CD6: =COUNTA(J6:CC6) -> 4 | CE6: JAN06-Social studies 1to8, science 1to8, maths 6to8 | CF6: NOV-21 REQ 6-8TH BOOKS OCT14-REQ | CG6: FEB17-Order not finalized JAN06-SPEC. GVN. NOV-21 WANT SAMPLING IN DEC END OCT14-SAMPLING NOV END. | CH6: =IF(CD6<=0,"0",IF(CD6=1,"1",IF(CD6=2,"2",IF(CD6=3,"3",IF(CD6>=4,"4"))))) -> 4
A8: =ROW()-4 -> 4 | B8: HOLY CROSS | C8: father.jayaraj | D8: 7667267010 | E8: hcms2020@gmai.com | G8: Dindigul | H8: STATE | I8: 1100 | P8: P | S8: P | Y8: P | AH8: P | CD8: =COUNTA(J8:CC8) -> 4 | CF8: JAN06-REQ NOV-21 REQ | CG8: JAN06-January end wanted NOV-21 WANT SAMPLING IN JAN END OCT19-SAMPLING IN JAN. OCT04-VST FOR ORDER. | CH8: =IF(CD8<=0,"0",IF(CD8=1,"1",IF(CD8=2,"2",IF(CD8=3,"3",IF(CD8>=4,"4"))))) -> 4
A64: =ROW()-3 -> 61 | B64: ST. JOHNPAULS | C64: mumtaj | D64: 6381039699 | E64: stjohnpaulsacademy@gmail.com | G64: Dindigul | H64: CBSE | I64: 500 | P64: P | AQ64: P | CD64: =COUNTA(J64:CC64) -> 2 | CF64: OCT14-REQ | CG64: FEB17-Last year order no changes OCT14-SAMPLING IN DEC. | CH64: =IF(CD64<=0,"0",IF(CD64=1,"1",IF(CD64=2,"2",IF(CD64=3,"3",IF(CD64>=4,"4"))))) -> 2
A65: =ROW()-3 -> 62 | B65: ST. PAUL CBSE SCHOOL | G65: Dindigul | H65: CBSE | V65: P | CD65: =COUNTA(J65:CC65) -> 1 | CG65: NOV05-DISCUSS OUR TITLES. | CH65: =IF(CD65<=0,"0",IF(CD65=1,"1",IF(CD65=2,"2",IF(CD65=3,"3",IF(CD65>=4,"4"))))) -> 1
A66: =ROW()-3 -> 63 | B66: VIDYA PARTHI | E66: soundaraja2002@yahoo.com | G66: Dindigul | H66: CBSE | Y66: P | CD66: =COUNTA(J66:CC66) -> 1 | CF66: NOV-21 NON CARE TITLE | CG66: NOV-21 WANT SAMPLING IN DEC END | CH66: =IF(CD66<=0,"0",IF(CD66=1,"1",IF(CD66=2,"2",IF(CD66=3,"3",IF(CD66>=4,"4"))))) -> 1

Sheet KARUR
A1: KARUR
A2: SR. NO. | B2: NAME OF SCHOOL | C2: PRINCIPAL/TEACHER NAME | D2: CONT NO | E2: E. MAIL ID | F2: ADDRESS | G2: STATIONS | H2: BOARD | I2: STR | J2: SEP1ST | M2: SEP 2ND | P2: OCT1ST | S2: OCT 2ND | V2: 37196 | Y2: 37561 | AB2: DEC 1ST | AE2: DEC 2ND | AH2: JAN 1ST | AK2: JAN 2ND | AN2: FEB IST | AQ2: FEB IIND | AT2: MAR 1ST | AW2: MAR 2ND | AZ2: APR 1ST | BC2: APR2ND | BF2: MAY 1ST | BI2: MAY 2ND | BL2: JUN 1ST | BO2: JUN 2ND | BR2: JUL 1ST | BU2: JUL 2ND | BX2: AUG 1ST | CA2: AUG 2ND | CD2: C | CE2: SPECIMEN- GIVEN | CF2: SPECIMEN - REQ. | CG2: VISIT DETIALS & COMMENTS
C3: PH. NO. | J3: I | K3: II | L3: III | M3: I | N3: II | O3: III | P3: I | Q3: II | R3: III | S3: I | T3: II | U3: III | V3: I | W3: II | X3: III | Y3: I | Z3: II | AA3: III | AB3: I | AC3: II | AD3: III | AE3: I | AF3: II | AG3: III | AH3: I | AI3: II | AJ3: III | AK3: I | AL3: II | AM3: III | AN3: I | AO3: II | AP3: III | AQ3: I | AR3: II | AS3: III | AT3: I | AU3: II | AV3: III | AW3: I | AX3: II | AY3: III | AZ3: I | BA3: II | BB3: III | BC3: I | BD3: II | BE3: III | BF3: I | BG3: II | BH3: III | BI3: I | BJ3: II | BK3: III | BL3: I | BM3: II | BN3: III | BO3: I | BP3: II | BQ3: III | BR3: I | BS3: II | BT3: III | BU3: I | BV3: II | BW3: III | BX3: I | BY3: II | BZ3: III | CA3: I | CB3: II | CC3: III
A4: =ROW()-3 -> 1 | B4: KSV GROUP | C4: padmanaban | E4: ksvgroupschools@gmail.com | G4: Karur | H4: CBSE | I4: 1000 | M4: P | S4: P | AB4: P | AE4: P | AH4: P | BU4: P | CD4: =COUNTA(J4:CC4) -> 6 | CE4: DEC11-1 to 5 rise and shine term book | CF4: SEP26-REQ | CG4: JULY24-follow up JAN02-Order follow up DEC17-Books not decided DEC11-SPEC. GVN. OCT16-VST NOV END. SEP26-SAMPLING IN MARCH. | CH4: =IF(CD4<=0,"0",IF(CD4=1,"1",IF(CD4=2,"2",IF(CD4=3,"3",IF(CD4>=4,"4"))))) -> 4
A5: =ROW()-3 -> 2 | B5: LITTLE FLOWER | C5: Binu joseph | D5: 9751205906 | E5: littleflowercst@gmail.com | G5: Karur | H5: CBSE | I5: 800 | M5: P | P5: P | V5: P | AA5: P | AB5: P | AE5: P | AN5: P | AQ5: P | BL5: P | BO5: P | BR5: P | BS5: P | BU5: P | CD5: =COUNTA(J5:CC5) -> 13 | CE5: FEB14-Speak and write 1to8 | CF5: JUN18-English DEC17-REQ DEC11-REQ NOV-26 NONCARE BOOK NOV11-REQ SEP26-REQ | CG5: JULY24-General visit JULY10-Visit school for second follow up JULY02-General visit JUN18-WANT SPEC. JUN06-General visit FEB24-No changes for this year FEB14-SPEC. GVN. DEC17-SAMPLING JAN END. DEC11-Books wanted on January 2nd week NOV-26 WANT SAMPLING NOV11-SAMPLING IN DEC. OCT07-VST FOR BOOK INCHARGE. SEP26-SAPLING IN MARCH. | CH5: =IF(CD5<=0,"0",IF(CD5=1,"1",IF(CD5=2,"2",IF(CD5=3,"3",IF(CD5>=4,"4"))))) -> 4
A6: =ROW()-3 -> 3 | B6: LNVN | C6: mumtaj | D6: 6381211244 | E6: lnvnindia@yahoo.com | G6: Karur | H6: CBSE | I6: 800 | S6: P | AA6: P | AB6: P | AK6: P | AT6: P | AW6: P | AZ6: P | BF6: P | CD6: =COUNTA(J6:CC6) -> 8 | CE6: APR09-Speak and write 1to8, mili Tamil handwriting 1to5 MAR07-Social studies 1to5 JAN28-Gk , computer, | CF6: DEC11-REQ NOV-26 NON CARE | CG6: MAY12-General visit APR09-SPEC. GVN. MAR17-March end only decided MAR07-SPEC. GVN. JAN28-SPEC. GVN. DEC11-SAMPLING IN FEB. NOV-26 WANT SAMPLING IN FEB OCT16-VST IN DEC. | CH6: =IF(CD6<=0,"0",IF(CD6=1,"1",IF(CD6=2,"2",IF(CD6=3,"3",IF(CD6>=4,"4"))))) -> 4
A7: =ROW()-3 -> 4 | B7: STAR SCHOOL | G7: Karur | H7: CBSE | P7: P | S7: P | V7: P | Y7: P | AB7: P | AE7: P | AF7: P | AH7: P | AW7: P | BI7: P | BL7: P | BR7: P | BS7: P | BU7: P | BX7: P | CD7: =COUNTA(J7:CC7) -> 15 | CE7: MAR17-Rise and shine 1std term book and kg books DEC11-Patterns semester 1 to 5 | CF7: NOV-20 REQ NOV04-REQ OCT07-REQ | CG7: AUG08-General visit JULY24-Visit school for follow up JULY10-School visit for follow up JULY02-Visit school for follow up JUN06-General visit MAY28-General visit MAR17-SPEC. GVN. JAN02-Books not finalized DEC23-Books are not finalized DEC17-Visit about selection satus DEC11-SPEC. GVN. NOV-20 WANT SPECIMEN IN DEC END NOV04-SAMPLING DEC MNTH. OCT16-VST NOV END. OCT07-SAMPLING IN NOV. | CH7: =IF(CD7<=0,"0",IF(CD7=1,"1",IF(CD7=2,"2",IF(CD7=3,"3",IF(CD7>=4,"4"))))) -> 4
A8: =ROW()-3 -> 5 | B8: Tnpl | C8: Samiappan | E8: 1000 | G8: Karur | H8: CBSE | AT8: P | AZ8: P | BC8: P | BL8: P | CD8: =COUNTA(J8:CC8) -> 4 | CG8: JUN06-General visit APR25-DISCUSS ABUT FINALISED. APR09-Order is under process MAR06-Order is going under process | CH8: =IF(CD8<=0,"0",IF(CD8=1,"1",IF(CD8=2,"2",IF(CD8=3,"3",IF(CD8>=4,"4"))))) -> 4
A9: =ROW()-3 -> 6 | B9: SANKARA | C9: Jayanthi | E9: 1500 | G9: Karur | H9: CBSE | I9: 1500 | AE9: P | AH9: P | AQ9: P | AT9: P | AW9: P | AZ9: P | BC9: P | BR9: P | BS9: P | BU9: P | CD9: =COUNTA(J9:CC9) -> 10 | CE9: APR09-Modern Science 6to8, school maths 6to8. MAR06-Happy faces ABC | CF9: JAN02-REQ | CG9: JULY24-General visit JULY10-Visit school for follow up JULY02-General visit APR26-ORDER FINALISED. APR25-ORDER F.UP VST. APR09-SPEC. GVN. MAR17-Teacher are seeing under process MAR06-SPEC. GVN. FEB24-School visit and collect details JAN02- January 2nd week DEC23-VST AFTER PONGAL. | CH9: =IF(CD9<=0,"0",IF(CD9=1,"1",IF(CD9=2,"2",IF(CD9=3,"3",IF(CD9>=4,"4"))))) -> 4
A10: =ROW()-3 -> 7 | B10: VENUS GLOBAL | C10: sreenivasan | D10: 735887888 | E10: venusglobalcampus@gamil.com | G10: Karur | H10: CBSE | I10: 900 | M10: P | P10: P | S10: P | V10: P | Y10: P | AB10: P | AE10: P | AF10: P | AH10: P | AK10: P | AN10: P | AQ10: P | AT10: P | AW10: P | AZ10: P | BC10: P | BF10: P | BG10: P | BI10: P | BO10: P | BR10: P | BX10: P | CD10: =COUNTA(J10:CC10) -> 22 | CE10: APR09-Saras hindi 4and 5 FEB14-Saras hindi 3to8 JAN28-hindi 1&2, speak and write 1to8 DEC11-Happy faces lkg,ukg | CF10: NOV-20 KEY BOOK NOV04-REQ SEP26-REQ | CG10: AUG08-General visit JULY10-General visit JUN18-follow up MAY28-follow up MAY12-Payment visit MAY05-Order finalized APR25-NO CHANGE. APR09-SPEC. GVN. MAR17-Order finished MAR06-Order finished FEB24- order follow up FEB14-SPEC. GVN. JAN28-SPEC. GVN. JAN02-Visit for order status DEC23-Visit for order status DEC17-Visit about details of selection DEC11-SPEC. GVN. NOV-20 WANT SAMPLING IN DEC 2ND WEEK NOV04-SAMPLING DEC 2ND WEEK. OCT16-ORDER DISCUSSION. OCT07-F.UP VST. SEP26-SAMPLING IN JAN. | CH10: =IF(CD10<=0,"0",IF(CD10=1,"1",IF(CD10=2,"2",IF(CD10=3,"3",IF(CD10>=4,"4"))))) -> 4
A12: =ROW()-4 -> 8 | B12: AKSHARA YOUNG KIDS | G12: Karur | H12: STATE | P12: P | S12: P | V12: P | AA12: P | CD12: =COUNTA(J12:CC12) -> 4 | CF12: NOV-26 REQ NOV11-REQ | CG12: NOV-26 WANT SAMPLING IN JAN NOV11-SAMPLING IN JAN. OCT16-VST & MEET INCHANEG. OCT07-F.UP VST. | CH12: =IF(CD12<=0,"0",IF(CD12=1,"1",IF(CD12=2,"2",IF(CD12=3,"3",IF(CD12>=4,"4"))))) -> 4
A13: =ROW()-4 -> 9 | B13: VETHI VINAYAKA | G13: Karur | H13: STATE | V13: P | AA13: P | CD13: =COUNTA(J13:CC13) -> 2 | CF13: NOV-21 REQ NOV11-REQ | CG13: NOV-26 WANT SAMPLING IN JAN NOV11-SAMPLING IN DEC END. | CH13: =IF(CD13<=0,"0",IF(CD13=1,"1",IF(CD13=2,"2",IF(CD13=3,"3",IF(CD13>=4,"4"))))) -> 2
A14: =ROW()-4 -> 10 | B14: VETRIVINAYAGA | C14: Samiappan | E14: 850 | G14: Karur | H14: STATE | I14: 850 | AE14: P | AK14: P | AN14: P | AQ14: P | AZ14: P | BL14: P | BX14: P | CD14: =COUNTA(J14:CC14) -> 7 | CE14: FEB14-Speak and write 1to8,smart english 6&7, hindi chandhan 1to8. | CG14: AUG08-General visit JUN06-General visit APR09-Order finalized FEB24-Not finalized FEB14-SPEC. GVN. JAN28- Lead school confirmed. DEC23-VST AFTER PONGAL. | CH14: =IF(CD14<=0,"0",IF(CD14=1,"1",IF(CD14=2,"2",IF(CD14=3,"3",IF(CD14>=4,"4"))))) -> 4
A15: =ROW()-4 -> 11 | B15: SARASWATI VIDYALAYA | G15: Karur | H15: STATE | V15: P | AN15: P | AT15: P | AW15: P | AZ15: P | BF15: P | BI15: P | BO15: P | BX15: P | CD15: =COUNTA(J15:CC15) -> 9 | CE15: MAR12-Rise and shine kg books with out Tamil, enjoy with colour Ato5 MAR03-Rise and shine termbook (kg to 5) | CG15: AUG08-General visit JUN18-General visit MAY28-Order finished MAY05-Order finished APR07-Order not finalized MAR17-School visit for order status MAR12-SPEC. GVN. MAR03-SPEC. GVN. NOV04-DISCUSS WITH BOOK INCHARGE. | CH15: =IF(CD15<=0,"0",IF(CD15=1,"1",IF(CD15=2,"2",IF(CD15=3,"3",IF(CD15>=4,"4"))))) -> 4
A16: =ROW()-4 -> 12 | B16: KVBOA MATRIC SCHOOL | G16: Karur | H16: STATE | Y16: P | AH16: P | AK16: P | AN16: P | BF16: P | BO16: P | CD16: =COUNTA(J16:CC16) -> 6 | CE16: FEB14-Know it now gk 1to4 JAN02-Rise and shine kg books | CF16: NOV-20 REQ | CG16: JUN18-General visit MAY12-Follow up FEB14-SPEC. GVN. JAN28-Books not finalized after February JAN02-SPEC. GVN. NOV-20 WANT SAMPLING IN FEB | CH16: =IF(CD16<=0,"0",IF(CD16=1,"1",IF(CD16=2,"2",IF(CD16=3,"3",IF(CD16>=4,"4"))))) -> 4
A17: =ROW()-4 -> 13 | B17: RAMAKRISHNA | C17: ganeshan | D17: 9698013222 | E17: ramakrishnamatric@gmail.com | G17: Karur | H17: STATE | I17: 700 | S17: P | V17: P | AE17: P | AN17: P | AQ17: P | AT17: P | AU17: P | BC17: P | BF17: P | BG17: P | BI17: P | BR17: P | BU17: P | BX17: P | CD17: =COUNTA(J17:CC17) -> 14 | CE17: MAY05-Easycomputer1to8, AI computer 1to8, MAR06-Creative hands Ato8,saras hindi 1to8 FEB24-Basic english grammar and composition 1to5 FEB14-Speak and write 1to8, Rashmi hindi 1to8, computer genius 1to8 | CF17: DEC17-REQ NOV04-REQ | CG17: AUG08-General visit JULY24-taking return books JULY02-payment and follow up MAY28-payment visit MAY12-Order finalized MAY05-SPEC. GVN. APR25-WANT COMPUTER BOOKS. MAR07-Order finished MAR06-SPEC. GVN. FEB24-SPEC. GVNB. FEB14-SPEC. GVN. DEC17-Books wanted January end NOV04-SAMPLING FEB MNTH. OCT19-VST IN FEB. | CH17: =IF(CD17<=0,"0",IF(CD17=1,"1",IF(CD17=2,"2",IF(CD17=3,"3",IF(CD17>=4,"4"))))) -> 4
A51: =ROW()-4 -> 47 | B51: CHARAN MAT SCHOOL | C51: MR. UDHAYA KUMAR | G51: KARUR | H51: STATE | I51: 800 | M51: P | P51: P | S51: P | CD51: =COUNTA(J51:CC51) -> 3 | CF51: OCT29-REQ SEP26-REQ | CG51: OCT29-SAMPLING IN JAN. OCT07-VST FOR DISCUSSION. SEP26-SAMPLING IN FEB. | CH51: =IF(CD51<=0,"0",IF(CD51=1,"1",IF(CD51=2,"2",IF(CD51=3,"3",IF(CD51>=4,"4"))))) -> 3
A52: =ROW()-4 -> 48 | B52: MALAR | C52: Janani | E52: 650 | G52: Karur | H52: STATE | I52: 650 | AT52: P | CD52: =COUNTA(J52:CC52) -> 1 | CG52: MAR07-ORDER UNDER PROCES. | CH52: =IF(CD52<=0,"0",IF(CD52=1,"1",IF(CD52=2,"2",IF(CD52=3,"3",IF(CD52>=4,"4"))))) -> 1
A53: =ROW()-4 -> 49 | B53: STAR MATRIC SCHOOL | G53: KARUR | H53: STATE | V53: P | CD53: =COUNTA(J53:CC53) -> 1 | CF53: NOV11-REQ | CG53: NOV11-SAMPLING IN MARCH. | CH53: =IF(CD53<=0,"0",IF(CD53=1,"1",IF(CD53=2,"2",IF(CD53=3,"3",IF(CD53>=4,"4"))))) -> 1
A54: =ROW()-4 -> 50 | B54: MALAR | E54: 650 | G54: Karur | H54: STATE | AE54: P | CD54: =COUNTA(J54:CC54) -> 1 | CF54: DEC23-REQ | CG54: DEC23-SAMPLING IN JAN. | CH54: =IF(CD54<=0,"0",IF(CD54=1,"1",IF(CD54=2,"2",IF(CD54=3,"3",IF(CD54>=4,"4"))))) -> 1
A55: =ROW()-4 -> 51 | B55: LOTUS KIDS | G55: KARUR | H55: STATE | Y55: P | CD55: =COUNTA(J55:CC55) -> 1 | CF55: NOV-20 REQ | CG55: NOV-20 WANT SAMPLING JAN FIRST WEEK | CH55: =IF(CD55<=0,"0",IF(CD55=1,"1",IF(CD55=2,"2",IF(CD55=3,"3",IF(CD55>=4,"4"))))) -> 1
A57: =ROW()-3 -> 54 | B57: VIJAY VIDYALAYA | G57: KARUR | H57: CBSE | V57: P | CD57: =COUNTA(J57:CC57) -> 1 | CG57: NOV04-DISCUSS OUR TITLES. | CH57: =IF(CD57<=0,"0",IF(CD57=1,"1",IF(CD57=2,"2",IF(CD57=3,"3",IF(CD57>=4,"4"))))) -> 1
A58: =ROW()-3 -> 55 | B58: TNPL CBSE | G58: KARUR | H58: CBSE | V58: P | AA58: P | AK58: P | AN58: P | CD58: =COUNTA(J58:CC58) -> 4 | CE58: FEB14-Speak and write 1to8, inners circle 1to8, hindi saras hindi 1to5, computer genius 1to8 JAN28-Speak and write 1to8, gk 1to8, grammar 1to8, assignment 1to3 english, maths | CF58: NOV-26 LKG, UKG NOV11-REQ | CG58: FEB14-SPEC. GVN. JAN28-SPEC. GVN. NOV-26 WANT SAMPLING IN DEC NOV11-SAMPLING IN JAN. | CH58: =IF(CD58<=0,"0",IF(CD58=1,"1",IF(CD58=2,"2",IF(CD58=3,"3",IF(CD58>=4,"4"))))) -> 4

Sheet MAYILADUTHURAI
A1: MAYILADUTHURAI
A2: SR. NO. | B2: NAME OF SCHOOL | C2: PRINCIPAL/TEACHER NAME | D2: CONT NO | E2: E. MAIL ID | F2: ADDRESS | G2: STATIONS | H2: BOARD | I2: STR | J2: SEP1ST | M2: SEP 2ND | P2: OCT1ST | S2: OCT 2ND | V2: 37196 | Y2: 37561 | AB2: DEC 1ST | AE2: DEC 2ND | AH2: JAN 1ST | AK2: JAN 2ND | AN2: FEB IST | AQ2: FEB IIND | AT2: MAR 1ST | AW2: MAR 2ND | AZ2: APR 1ST | BC2: APR2ND | BF2: MAY 1ST | BI2: MAY 2ND | BL2: JUN 1ST | BO2: JUN 2ND | BR2: JUL 1ST | BU2: JUL 2ND | BX2: AUG 1ST | CA2: AUG 2ND | CD2: C | CE2: SPECIMEN- GIVEN | CF2: SPECIMEN - REQ. | CG2: VISIT DETIALS & COMMENTS
C3: PH. NO. | J3: I | K3: II | L3: III | M3: I | N3: II | O3: III | P3: I | Q3: II | R3: III | S3: I | T3: II | U3: III | V3: I | W3: II | X3: III | Y3: I | Z3: II | AA3: III | AB3: I | AC3: II | AD3: III | AE3: I | AF3: II | AG3: III | AH3: I | AI3: II | AJ3: III | AK3: I | AL3: II | AM3: III | AN3: I | AO3: II | AP3: III | AQ3: I | AR3: II | AS3: III | AT3: I | AU3: II | AV3: III | AW3: I | AX3: II | AY3: III | AZ3: I | BA3: II | BB3: III | BC3: I | BD3: II | BE3: III | BF3: I | BG3: II | BH3: III | BI3: I | BJ3: II | BK3: III | BL3: I | BM3: II | BN3: III | BO3: I | BP3: II | BQ3: III | BR3: I | BS3: II | BT3: III | BU3: I | BV3: II | BW3: III | BX3: I | BY3: II | BZ3: III | CA3: I | CB3: II | CC3: III
A4: 1 | B4: ALAGU JOTHI ACADEMY | C4: Mr Noel | D4: 8754576209 | E4: aja@gmail.com | G4: Mayiladuthurai | H4: CBSE | I4: 1060 | AB4: P | AW4: P | CD4: =COUNTA(J4:CC4) -> 2 | CF4: DEC06-Ncert work book | CG4: MAR21-Last year order no changes DEC06-WANT SPEC. | CH4: =IF(CD4<=0,"0",IF(CD4=1,"1",IF(CD4=2,"2",IF(CD4=3,"3",IF(CD4>=4,"4"))))) -> 2
A5: 2 | B5: GOOD SEMARITAN SCHOOL | C5: Ms Jasmine | D5: 9444984472 | E5: info@gspschool.org | G5: Mayiladuthurai | H5: CBSE | I5: 1174 | AB5: P | CD5: =COUNTA(J5:CC5) -> 1 | CE5: DEC06-Kg books, hindi books,gk, grammar | CG5: DEC06-SPEC. GVN. | CH5: =IF(CD5<=0,"0",IF(CD5=1,"1",IF(CD5=2,"2",IF(CD5=3,"3",IF(CD5>=4,"4"))))) -> 1
A7: 3 | B7: GURNANAK SAMANDHAR MATRIC | C7: Mr.Saravanan | D7: 9443746803 | G7: Mayiladuthurai | H7: STATE | I7: 3600 | AB7: P | AW7: P | CD7: =COUNTA(J7:CC7) -> 2 | CE7: MAR21-Speak and write 1to8 know it now gk 1to5, | CF7: DEC06-REQ | CG7: MAR21-SPEC. GVN. DEC06-SAMPLING JAN END. | CH7: =IF(CD7<=0,"0",IF(CD7=1,"1",IF(CD7=2,"2",IF(CD7=3,"3",IF(CD7>=4,"4"))))) -> 2
A8: 4 | B8: RAJ MATRIC SCHOOL | C8: Mr Venkatraman | D8: 04364-224488 | E8: rajmatricmayilai@gmail.com | G8: Mayiladuthurai | H8: STATE | I8: 1800 | AB8: P | AW8: P | CD8: =COUNTA(J8:CC8) -> 2 | CE8: MAR21-Favourite Gk 1to8,my cursive lines Ato5, Tamil handwriting 1to5 | CF8: DEC06-REQ | CG8: MAR21-SPEC. GVN. DEC06-SAMPLING AFTER PONGAL. | CH8: =IF(CD8<=0,"0",IF(CD8=1,"1",IF(CD8=2,"2",IF(CD8=3,"3",IF(CD8>=4,"4"))))) -> 2
A9: 5 | B9: VIVEKANANDA MATRIC SCHOOL | C9: Mr Ramesh | D9: 04364-270595 | E9: vmhsssirkali@gmail.com | G9: Mayiladuthurai | H9: STATE | I9: 2500 | AB9: P | CD9: =COUNTA(J9:CC9) -> 1 | CE9: DEC06-Term books, computer, hindi books | CG9: DEC06-SPEC. GVN. | CH9: =IF(CD9<=0,"0",IF(CD9=1,"1",IF(CD9=2,"2",IF(CD9=3,"3",IF(CD9>=4,"4"))))) -> 1

Sheet NAGAPATTINUM
A1: NAGAPATTINAM
A2: SR. NO. | B2: NAME OF SCHOOL | C2: PRINCIPAL/TEACHER NAME | D2: CONT NO | E2: E. MAIL ID | F2: ADDRESS | G2: STATIONS | H2: BOARD | I2: STR | J2: SEP1ST | M2: SEP 2ND | P2: OCT1ST | S2: OCT 2ND | V2: 37196 | Y2: 37561 | AB2: DEC 1ST | AE2: DEC 2ND | AH2: JAN 1ST | AK2: JAN 2ND | AN2: FEB IST | AQ2: FEB IIND | AT2: MAR 1ST | AW2: MAR 2ND | AZ2: APR 1ST | BC2: APR2ND | BF2: MAY 1ST | BI2: MAY 2ND | BL2: JUN 1ST | BO2: JUN 2ND | BR2: JUL 1ST | BU2: JUL 2ND | BX2: AUG 1ST | CA2: AUG 2ND | CD2: C | CE2: SPECIMEN- GIVEN | CF2: SPECIMEN - REQ. | CG2: VISIT DETIALS & COMMENTS
C3: PH. NO. | J3: I | K3: II | L3: III | M3: I | N3: II | O3: III | P3: I | Q3: II | R3: III | S3: I | T3: II | U3: III | V3: I | W3: II | X3: III | Y3: I | Z3: II | AA3: III | AB3: I | AC3: II | AD3: III | AE3: I | AF3: II | AG3: III | AH3: I | AI3: II | AJ3: III | AK3: I | AL3: II | AM3: III | AN3: I | AO3: II | AP3: III | AQ3: I | AR3: II | AS3: III | AT3: I | AU3: II | AV3: III | AW3: I | AX3: II | AY3: III | AZ3: I | BA3: II | BB3: III | BC3: I | BD3: II | BE3: III | BF3: I | BG3: II | BH3: III | BI3: I | BJ3: II | BK3: III | BL3: I | BM3: II | BN3: III | BO3: I | BP3: II | BQ3: III | BR3: I | BS3: II | BT3: III | BU3: I | BV3: II | BW3: III | BX3: I | BY3: II | BZ3: III | CA3: I | CB3: II | CC3: III
A4: =ROW()-3 -> 1 | B4: J JEYA MATRIC HR SEC SCHOOL | C4: Ms Henna bashkar | G4: Nagapattinam | H4: STATE | I4: 800 | AN4: P | BC4: P | CD4: =COUNTA(J4:CC4) -> 2 | CE4: FEB12-Easy Computer 1to8, know it now gk 1to8, speak and write 1to5 | CF4: FEB12-Kg term book | CG4: APR18- No changes last year order FEB12-SPEC. GVN WANT MORE. | CH4: =IF(CD4<=0,"0",IF(CD4=1,"1",IF(CD4=2,"2",IF(CD4=3,"3",IF(CD4>=4,"4"))))) -> 2
A5: =ROW()-3 -> 2 | B5: NAGORE CRECENT MATRIC SCHOOL | C5: MS. RAFIA | G5: Nagapattinam | H5: STATE | I5: 550 | AN5: P | BD5: P | CD5: =COUNTA(J5:CC5) -> 2 | CE5: FEB12-Non core books given computer,gk , | CG5: APR18-order follow up FEB12-SPEC. GVN. | CH5: =IF(CD5<=0,"0",IF(CD5=1,"1",IF(CD5=2,"2",IF(CD5=3,"3",IF(CD5>=4,"4"))))) -> 2
A6: =ROW()-3 -> 3 | B6: NAGORE MODERN MATRIC SCHOOL | C6: Ms Bennet | G6: Nagapattinam | H6: STATE | I6: 750 | AN6: P | BC6: P | CD6: =COUNTA(J6:CC6) -> 2 | CE6: APR18-Tamil handwriting 1to5, enjoy with colour Ato5 | CF6: FEB12-Kg books wanted | CG6: APR18-SPEC. GVN. FEB12-WANT SPEC. | CH6: =IF(CD6<=0,"0",IF(CD6=1,"1",IF(CD6=2,"2",IF(CD6=3,"3",IF(CD6>=4,"4"))))) -> 2

Sheet THANJUR
A1: THANJUR
A2: SR. NO. | B2: NAME OF SCHOOL | C2: PRINCIPAL/TEACHER NAME | D2: CONT NO | E2: E. MAIL ID | F2: ADDRESS | G2: STATIONS | H2: BOARD | I2: STR | J2: SEP1ST | M2: SEP 2ND | P2: OCT1ST | S2: OCT 2ND | V2: 37196 | Y2: 37561 | AB2: DEC 1ST | AE2: DEC 2ND | AH2: JAN 1ST | AK2: JAN 2ND | AN2: FEB IST | AQ2: FEB IIND | AT2: MAR 1ST | AW2: MAR 2ND | AZ2: APR 1ST | BC2: APR2ND | BF2: MAY 1ST | BI2: MAY 2ND | BL2: JUN 1ST | BO2: JUN 2ND | BR2: JUL 1ST | BU2: JUL 2ND | BX2: AUG 1ST | CA2: AUG 2ND | CD2: C | CE2: SPECIMEN- GIVEN | CF2: SPECIMEN - REQ. | CG2: VISIT DETIALS & COMMENTS
C3: PH. NO. | J3: I | K3: II | L3: III | M3: I | N3: II | O3: III | P3: I | Q3: II | R3: III | S3: I | T3: II | U3: III | V3: I | W3: II | X3: III | Y3: I | Z3: II | AA3: III | AB3: I | AC3: II | AD3: III | AE3: I | AF3: II | AG3: III | AH3: I | AI3: II | AJ3: III | AK3: I | AL3: II | AM3: III | AN3: I | AO3: II | AP3: III | AQ3: I | AR3: II | AS3: III | AT3: I | AU3: II | AV3: III | AW3: I | AX3: II | AY3: III | AZ3: I | BA3: II | BB3: III | BC3: I | BD3: II | BE3: III | BF3: I | BG3: II | BH3: III | BI3: I | BJ3: II | BK3: III | BL3: I | BM3: II | BN3: III | BO3: I | BP3: II | BQ3: III | BR3: I | BS3: II | BT3: III | BU3: I | BV3: II | BW3: III | BX3: I | BY3: II | BZ3: III | CA3: I | CB3: II | CC3: III
A4: =ROW()-3 -> 1 | B4: CHRIST INTERNATIONAL SCHOOL | C4: Pri.Vijayalakshmi | D4: 737374488 | G4: Thanjavur | H4: CBSE | I4: 700 | P4: P | AN4: P | AT4: P | CD4: =COUNTA(J4:CC4) -> 3 | CG4: MAR05-Last year order no changes FEB04-No changes this year OCT09-DISCUSS ABUT ORDER. | CH4: =IF(CD4<=0,"0",IF(CD4=1,"1",IF(CD4=2,"2",IF(CD4=3,"3",IF(CD4>=4,"4"))))) -> 3
A5: =ROW()-3 -> 2 | B5: Dr GS Kalyanasundaram Memorial School | C5: Anusha | F5: Kumbakonam | G5: Thanjavur | H5: CBSE | I5: 1848 | V5: P | CD5: =COUNTA(J5:CC5) -> 1 | CF5: NOV02-REQ | CG5: NOV02-SAMPLING November end | CH5: =IF(CD5<=0,"0",IF(CD5=1,"1",IF(CD5=2,"2",IF(CD5=3,"3",IF(CD5>=4,"4"))))) -> 1
A6: =ROW()-3 -> 3 | B6: KAMALA SUBRAMANIAM PUBLIC SCHOOL | C6: Ms Ponni | D6: 04362-227840 | E6: ksmsthanjavur@gmail.com | G6: Thanjavur | H6: CBSE | I6: 80 | P6: P | S6: P | AN6: P | AT6: P | AU6: P | AZ6: P | CD6: =COUNTA(J6:CC6) -> 6 | CF6: OCT26-REQ | CG6: APR11-Order finished MAR14-Order is under process MAR05-Books are seeing under process FEB04-known about order OCT26-SAMPLING DEC END. OCT09-F.UP VST. | CH6: =IF(CD6<=0,"0",IF(CD6=1,"1",IF(CD6=2,"2",IF(CD6=3,"3",IF(CD6>=4,"4"))))) -> 4
A7: =ROW()-3 -> 4 | B7: RADIANT INTERNATIONAL SCHOOL | C7: Pri.Vasanth | D7: 9626383627 | G7: Thanjavur | H7: CBSE | I7: 700 | S7: P | Y7: P | AN7: P | BR7: P | BS7: P | CD7: =COUNTA(J7:CC7) -> 5 | CE7: JAN24-Semester books 1to5 | CG7: JULY15-General visit JUL01-General visit FEB04- no changes JAN24-SPEC. GVN. OCT26-VST IN DEC. | CH7: =IF(CD7<=0,"0",IF(CD7=1,"1",IF(CD7=2,"2",IF(CD7=3,"3",IF(CD7>=4,"4"))))) -> 4
A8: =ROW()-3 -> 5 | B8: Thamarai international school | C8: Balaji | F8: Thanjore | G8: Thanjavur | H8: CBSE | I8: 3000 | V8: P | BR8: P | CD8: =COUNTA(J8:CC8) -> 2 | CF8: NOV06-REQ | CG8: JULY01-General visit NOV06-Wanted samples | CH8: =IF(CD8<=0,"0",IF(CD8=1,"1",IF(CD8=2,"2",IF(CD8=3,"3",IF(CD8>=4,"4"))))) -> 2
A9: =ROW()-3 -> 6 | B9: YAGAPPA INTERNATIONAL SCHOOL | C9: Mr Edward | D9: 9442112116 | E9: yistj@gmail.com | G9: Thanjavur | H9: CBSE | I9: 100 | S9: P | Y9: P | AQ9: P | BR9: P | CD9: =COUNTA(J9:CC9) -> 4 | CE9: FEB20-Drawing Ato5, speak and write 1to5 | CG9: JULY15-General visit FEB20-SPEC. GVN. JAN24-Not needed books OCT26-VST IN DEC. | CH9: =IF(CD9<=0,"0",IF(CD9=1,"1",IF(CD9=2,"2",IF(CD9=3,"3",IF(CD9>=4,"4"))))) -> 4
A11: =ROW()-4 -> 7 | B11: ALWIN MATRIC SCHOOL | G11: Thanjavur | H11: STATE | I11: 950 | P11: P | Y11: P | AN11: P | BC11: P | BR11: P | BU11: P | CD11: =COUNTA(J11:CC11) -> 6 | CE11: JAN24-Know it now 1to5, speak and write 1to5, easy computer 1to8 | CG11: JULY18-School visit for follow up JULY01-General visit JUN17-General visit FEB04-Books not finalized JAN24-SPEC. GVN. OCT09-DISCUSS ABUT BOOKS. | CH11: =IF(CD11<=0,"0",IF(CD11=1,"1",IF(CD11=2,"2",IF(CD11=3,"3",IF(CD11>=4,"4"))))) -> 4
A12: =ROW()-4 -> 8 | B12: AMALRAJ MATRIC HR SEC SCHOOL | E12: 1800 | G12: Thanjavur | H12: STATE | AT12: P | AW12: P | AZ12: P | BU12: P | CD12: =COUNTA(J12:CC12) -> 4 | CE12: APR11-Know it now gk 6to8 MAR20-Speak and write 1to5, Tamil handwriting 1to5, enjoy with colour Ato5 MAR05-Speak and write 1to8,gk, 6to8, hindi 1to8 Rashmi, computer books 1to8 | CG12: JULY18-General visit APR11-SPEC. GVN. MAR20-SPEC. GVN. MAR05-SPEC. GVN. | CH12: =IF(CD12<=0,"0",IF(CD12=1,"1",IF(CD12=2,"2",IF(CD12=3,"3",IF(CD12>=4,"4"))))) -> 4
A13: =ROW()-4 -> 9 | B13: AL MUBEEN MATRIC SCHOOL | C13: Ms Saroja | E13: 700 | G13: Thanjavur | H13: STATE | I13: 700 | AT13: P | CD13: =COUNTA(J13:CC13) -> 1 | CE13: MAR05-Speak and write 1to5, mili Tamil handwriting 1to5, rise and shine kg books | CG13: MAR05-SPE.C GVN. | CH13: =IF(CD13<=0,"0",IF(CD13=1,"1",IF(CD13=2,"2",IF(CD13=3,"3",IF(CD13>=4,"4"))))) -> 1
A14: =ROW()-4 -> 10 | B14: NAV BHARATH MATRIC SCHOOL | C14: Mr Johnson | D14: 04362-240776 | E14: navbharathtnj@gmail.com | G14: Thanjavur | H14: STATE | I14: 1300 | P14: P | S14: P | Y14: P | CD14: =COUNTA(J14:CC14) -> 3 | CG14: JAN24-Last year order no changes OCT26-COLLECT DETAILS. OCT09-F.UP VST. | CH14: =IF(CD14<=0,"0",IF(CD14=1,"1",IF(CD14=2,"2",IF(CD14=3,"3",IF(CD14>=4,"4"))))) -> 3
A15: =ROW()-4 -> 11 | B15: CS MATRIC | C15: Vasanthi | E15: 1320 | G15: Thanjavur | H15: STATE | I15: 1320 | AN15: P | AT15: P | AU15: P | AZ15: P | BR15: P | CD15: =COUNTA(J15:CC15) -> 5 | CE15: FEB04-My favourite gk 1to8, creative hands Ato5, speak and write 1to5,, computer genius 1to5 | CG15: JULY15-General visit APR11-asked about order confirmation MAR14-School visit and get details of order status MAR05-Books are seeing under process FEB04-SPEC. GVN | CH15: =IF(CD15<=0,"0",IF(CD15=1,"1",IF(CD15=2,"2",IF(CD15=3,"3",IF(CD15>=4,"4"))))) -> 4
A16: =ROW()-4 -> 12 | B16: LITTLE SCHOLARS MATRIC SCHOOL | C16: Mr Nandha sikamani | E16: 800 | G16: Thanjavur | H16: STATE | Y16: P | AZ16: P | CD16: =COUNTA(J16:CC16) -> 2 | CF16: JAN24-REQ | CG16: APR11-Order not finalized JAN24-Samples wanted February end | CH16: =IF(CD16<=0,"0",IF(CD16=1,"1",IF(CD16=2,"2",IF(CD16=3,"3",IF(CD16>=4,"4"))))) -> 2
A17: =ROW()-4 -> 13 | B17: Maxwell | C17: Dinesh Kumar | E17: 1200 | G17: Thanjavur | H17: STATE | Y17: P | AN17: P | CD17: =COUNTA(J17:CC17) -> 2 | CE17: FEB04-Basic grammar 1to8 JAN24-Rise and shine term book 1to5, speak and write 1to8 | CG17: FEB04-SPEC. GVN. JAN24-SPEC. GVN | CH17: =IF(CD17<=0,"0",IF(CD17=1,"1",IF(CD17=2,"2",IF(CD17=3,"3",IF(CD17>=4,"4"))))) -> 2
A18: =ROW()-4 -> 14 | B18: Sri matha Matric school | C18: Ms.Gowri | D18: 0435-2431566 | F18: Kumbakonam | G18: Thanjavur | H18: STATE | I18: 1000 | V18: P | AT18: P | CD18: =COUNTA(J18:CC18) -> 2 | CE18: MAR13-Know it now gk 1to5, inner circle 1to5, speak and write 1to8 | CG18: MAR13-SPEC. GVN. NOV06-Discuss our title | CH18: =IF(CD18<=0,"0",IF(CD18=1,"1",IF(CD18=2,"2",IF(CD18=3,"3",IF(CD18>=4,"4"))))) -> 2
A19: =ROW()-4 -> 15 | B19: VENKATESWARA MATRIC | C19: Pri.varadharajan | D19: 04362-223487 | G19: Thanjavur | H19: STATE | I19: 650 | S19: P | Y19: P | AN19: P | AT19: P | AU19: P | AW19: P | AZ19: P | CD19: =COUNTA(J19:CC19) -> 7 | CE19: FEB04-Rise and shine term book 1to5,smart english 6to8, maths 6to8, science 6to8, social 6to8 JAN24-Easy computer 1to8, value education 1to8, speak and write 1to8, drawing Ato5, | CG19: APR11-Order is under process MAR20-Books are seeing under process MAR14-School visit and collect details MAR05-Order is under process FEB04-SPEC. GVN. JAN24-SPEC. GVN. OCT26-VST IN JAN. | CH19: =IF(CD19<=0,"0",IF(CD19=1,"1",IF(CD19=2,"2",IF(CD19=3,"3",IF(CD19>=4,"4"))))) -> 4
A56: =ROW()-4 -> 52 | B56: INDIAN MARTICULAR SCHOOL | C56: SALIJA BAHNU | D56: 04362-247680 | G56: THANJAUR | H56: STATE | P56: P | CD56: =COUNTA(J56:CC56) -> 1 | CG56: OCT09-DISCUSS ABUT ORDER. | CH56: =IF(CD56<=0,"0",IF(CD56=1,"1",IF(CD56=2,"2",IF(CD56=3,"3",IF(CD56>=4,"4"))))) -> 1
A57: =ROW()-4 -> 53 | B57: DHARANI VIDYA MANDHIR CBSE SCHOOL | C57: Mr Vidyut | D57: 9578727026 | E57: dvmcbseschool@gmail.com | G57: Thanjavur | H57: CBSE | I57: 300 | AW57: P | CD57: =COUNTA(J57:CC57) -> 1 | CE57: MAR20-Hindi books 1to8, basic english grammar 1to5, rise and shine term book 1to5 | CG57: MAR20-SPEC. GVN. | CH57: =IF(CD57<=0,"0",IF(CD57=1,"1",IF(CD57=2,"2",IF(CD57=3,"3",IF(CD57>=4,"4"))))) -> 1
A58: =ROW()-4 -> 54 | B58: BEST MATRICULATION HR SC SCHOOL | C58: JAYA | E58: 1500 | G58: Thanjavur | H58: STATE | I58: 1500 | Y58: P | CD58: =COUNTA(J58:CC58) -> 1 | CG58: JAN24-NO CHANGE. | CH58: =IF(CD58<=0,"0",IF(CD58=1,"1",IF(CD58=2,"2",IF(CD58=3,"3",IF(CD58>=4,"4"))))) -> 1
A59: =ROW()-4 -> 55 | B59: NAV BHARATH MATRIC SCHOOL | C59: Mr Johnson | E59: 1300 | G59: Thanjavur | H59: STATE | AT59: P | CD59: =COUNTA(J59:CC59) -> 1 | CG59: MAR05-NO CHANGE. | CH59: =IF(CD59<=0,"0",IF(CD59=1,"1",IF(CD59=2,"2",IF(CD59=3,"3",IF(CD59>=4,"4"))))) -> 1
A60: =ROW()-4 -> 56 | B60: SANKARA VIDYALAYA | C60: Ms Sathya | D60: 9442996800 | E60: sankaravidyalayamyl@gmail.com | G60: Thanjavur | H60: STATE | I60: 1200 | S60: P | T60: P | Y60: P | CD60: =COUNTA(J60:CC60) -> 3 | CF60: NOV-20 REQ | CG60: NOV-20 WANT SPECIMEN IN DEC END OCT28-SCHOOL VST. OCT18-COLLECT DETAILS. | CH60: =IF(CD60<=0,"0",IF(CD60=1,"1",IF(CD60=2,"2",IF(CD60=3,"3",IF(CD60>=4,"4"))))) -> 3
A62: =ROW()-3 -> 59 | B62: KRISHNA PLAY SCHOOL | G62: THANJAVUR | H62: CBSE | P62: P | CD62: =COUNTA(J62:CC62) -> 1 | CG62: OCT09-DISCUSS ABUT ORDER. | CH62: =IF(CD62<=0,"0",IF(CD62=1,"1",IF(CD62=2,"2",IF(CD62=3,"3",IF(CD62>=4,"4"))))) -> 1
A69: 1 | B69: BISHOP DEVADOSS AMROSE VIDHYALAYA | C69: Fr.Christopher | D69: 6374417733 | G69: Thanjavur | H69: CBSE | I69: 1500 | CD69: =COUNTA(J69:CC69) -> 0 | CH69: =IF(CD69<=0,"0",IF(CD69=1,"1",IF(CD69=2,"2",IF(CD69=3,"3",IF(CD69>=4,"4"))))) -> 0
A70: 2 | B70: BLOSSOM PUBLIC SCHOOL | C70: Ms.Mery Shanthi | D70: 9442344741 | G70: Thanjavur | H70: CBSE | I70: 1573 | CD70: =COUNTA(J70:CC70) -> 0 | CH70: =IF(CD70<=0,"0",IF(CD70=1,"1",IF(CD70=2,"2",IF(CD70=3,"3",IF(CD70>=4,"4"))))) -> 0
A71: 4 | B71: DELTA PUBLIC SCHOOL | C71: Ms.Jeosphine | D71: 9626542716 | G71: Thanjavur | H71: CBSE | I71: 800 | CD71: =COUNTA(J71:CC71) -> 0 | CH71: =IF(CD71<=0,"0",IF(CD71=1,"1",IF(CD71=2,"2",IF(CD71=3,"3",IF(CD71>=4,"4"))))) -> 0
A72: 7 | B72: Dr GS Kalyanasundaram Memorial School | C72: Anusha | F72: Kumbakonam | G72: Thanjavur | H72: CBSE | I72: 1848 | CD72: =COUNTA(J72:CC72) -> 0 | CH72: =IF(CD72<=0,"0",IF(CD72=1,"1",IF(CD72=2,"2",IF(CD72=3,"3",IF(CD72>=4,"4"))))) -> 0
A73: 8 | B73: Dr GS Kalyanasundaram Memorial School | C73: Anusha | F73: Kumbakonam | G73: Thanjavur | H73: CBSE | I73: 1848 | CD73: =COUNTA(J73:CC73) -> 0 | CH73: =IF(CD73<=0,"0",IF(CD73=1,"1",IF(CD73=2,"2",IF(CD73=3,"3",IF(CD73>=4,"4"))))) -> 0
A74: 9 | B74: Dr GS Kalyanasundaram Memorial School | C74: Mr Breeze Pappachan | D74: 8870655163 | E74: drgsk.2007@yahoo.in | F74: Kumbakonam | G74: Thanjavur | H74: CBSE | I74: 1848 | CD74: =COUNTA(J74:CC74) -> 0 | CH74: =IF(CD74<=0,"0",IF(CD74=1,"1",IF(CD74=2,"2",IF(CD74=3,"3",IF(CD74>=4,"4"))))) -> 0
A75: 10 | B75: Dr GS Kalyanasundaram Memorial School | C75: Ms.Jayanthi | D75: 9841336644 | E75: drgsk.2007@yahoo.in | F75: Kumbakonam | G75: Thanjavur | H75: CBSE | I75: 1848 | CD75: =COUNTA(J75:CC75) -> 0 | CH75: =IF(CD75<=0,"0",IF(CD75=1,"1",IF(CD75=2,"2",IF(CD75=3,"3",IF(CD75>=4,"4"))))) -> 0
A76: 11 | B76: Dr GS Kalyanasundaram Memorial School | C76: Ms.Jayanthi | D76: 9841336644 | E76: drgsk.2007@yahoo.in | F76: Kumbakonam | G76: Thanjavur | H76: CBSE | I76: 1848 | CD76: =COUNTA(J76:CC76) -> 0 | CH76: =IF(CD76<=0,"0",IF(CD76=1,"1",IF(CD76=2,"2",IF(CD76=3,"3",IF(CD76>=4,"4"))))) -> 0
A77: 16 | B77: Thamarai international school | C77: Mr.Navin | F77: Thanjore | G77: Thanjavur | H77: CBSE | I77: 3000 | CD77: =COUNTA(J77:CC77) -> 0 | CH77: =IF(CD77<=0,"0",IF(CD77=1,"1",IF(CD77=2,"2",IF(CD77=3,"3",IF(CD77>=4,"4"))))) -> 0
A78: 17 | B78: Thamarai international school | C78: Mr.Navin | E78: nil | F78: Thanjore | G78: Thanjavur | H78: CBSE | I78: 3000 | CD78: =COUNTA(J78:CC78) -> 0 | CH78: =IF(CD78<=0,"0",IF(CD78=1,"1",IF(CD78=2,"2",IF(CD78=3,"3",IF(CD78>=4,"4"))))) -> 0
A79: 19 | B79: AL MUBEEN MATRIC SCHOOL | C79: Ms Saroja | D79: 9442190071 | E79: almubeenschool@gmail.com | G79: Thanjavur | H79: STATE | I79: 700 | CD79: =COUNTA(J79:CC79) -> 0 | CH79: =IF(CD79<=0,"0",IF(CD79=1,"1",IF(CD79=2,"2",IF(CD79=3,"3",IF(CD79>=4,"4"))))) -> 0
A80: 21 | B80: AMALRAJ MATRIC HR SEC SCHOOL | C80: Ms Brejet Amali | D80: 04362-260488 | E80: amalrajmhss@gmail.com | G80: Thanjavur | H80: STATE | I80: 1800 | CD80: =COUNTA(J80:CC80) -> 0 | CH80: =IF(CD80<=0,"0",IF(CD80=1,"1",IF(CD80=2,"2",IF(CD80=3,"3",IF(CD80>=4,"4"))))) -> 0
A81: 22 | B81: BEST MATRICULATION HR SC SCHOOL | C81: Ms Jaya | D81: 04362-268333 | E81: bestmhss@gmail.com | G81: Thanjavur | H81: STATE | I81: 1500 | CD81: =COUNTA(J81:CC81) -> 0 | CH81: =IF(CD81<=0,"0",IF(CD81=1,"1",IF(CD81=2,"2",IF(CD81=3,"3",IF(CD81>=4,"4"))))) -> 0
A82: 23 | B82: DHARANI MATRIC SCHOOL | C82: Mr Rajkumar | D82: 9578727026 | E82: dharanimatricmannai@gmail.com | G82: Thanjavur | H82: STATE | I82: 800 | CD82: =COUNTA(J82:CC82) -> 0 | CH82: =IF(CD82<=0,"0",IF(CD82=1,"1",IF(CD82=2,"2",IF(CD82=3,"3",IF(CD82>=4,"4"))))) -> 0
A83: 25 | B83: LITTLE ROSE MATRIC SCHOOL | C83: Mr Rajendran | D83: 9500533566 | E83: littlerosematricschool@gmail.com | G83: Thanjavur | H83: STATE | I83: 1400 | AZ83: P | CD83: =COUNTA(J83:CC83) -> 1 | CG83: JULY01-follow up | CH83: =IF(CD83<=0,"0",IF(CD83=1,"1",IF(CD83=2,"2",IF(CD83=3,"3",IF(CD83>=4,"4"))))) -> 1
A84: 26 | B84: LITTLE SCHOLARS MATRIC SCHOOL | C84: Mr Nandha sikamani | D84: 04362-259130 | E84: lsmhss.thanjavur@gmail.com | G84: Thanjavur | H84: STATE | I84: 800 | CD84: =COUNTA(J84:CC84) -> 0 | CH84: =IF(CD84<=0,"0",IF(CD84=1,"1",IF(CD84=2,"2",IF(CD84=3,"3",IF(CD84>=4,"4"))))) -> 0
A85: 32 | B85: Sri matha Matric school | C85: Srimati | F85: Kumbakonam | G85: Thanjavur | H85: STATE | I85: 1000 | CD85: =COUNTA(J85:CC85) -> 0 | CH85: =IF(CD85<=0,"0",IF(CD85=1,"1",IF(CD85=2,"2",IF(CD85=3,"3",IF(CD85>=4,"4"))))) -> 0
A86: 33 | B86: SRI SHANMUGA MATRIC SCHOOL | C86: Ms Shanthi | D86: 04366-230791 | E86: ssmsmannai@gmail.com | G86: Thanjavur | H86: STATE | I86: 600 | CD86: =COUNTA(J86:CC86) -> 0 | CH86: =IF(CD86<=0,"0",IF(CD86=1,"1",IF(CD86=2,"2",IF(CD86=3,"3",IF(CD86>=4,"4"))))) -> 0
A87: 34 | B87: TANYASRI UBAYADULLA MATRIC HR SEC SCHOOL | C87: Ms Nagalakshmi | D87: 04374-251822 | E87: tansrischool@gmail.com | G87: Thanjavur | H87: STATE | I87: 700 | CD87: =COUNTA(J87:CC87) -> 0 | CH87: =IF(CD87<=0,"0",IF(CD87=1,"1",IF(CD87=2,"2",IF(CD87=3,"3",IF(CD87>=4,"4"))))) -> 0

Sheet TIRUCHIRAPPALLI
A1: TIRUCHIRAPPALLI , TRICHY
A2: SR. NO. | B2: NAME OF SCHOOL | C2: PRINCIPAL/TEACHER NAME | D2: CONT NO | E2: E. MAIL ID | F2: ADDRESS | G2: STATIONS | H2: BOARD | I2: STR | J2: SEP1ST | M2: SEP 2ND | P2: OCT1ST | S2: OCT 2ND | V2: 37196 | Y2: 37561 | AB2: DEC 1ST | AE2: DEC 2ND | AH2: JAN 1ST | AK2: JAN 2ND | AN2: FEB IST | AQ2: FEB IIND | AT2: MAR 1ST | AW2: MAR 2ND | AZ2: APR 1ST | BC2: APR2ND | BF2: MAY 1ST | BI2: MAY 2ND | BL2: JUN 1ST | BO2: JUN 2ND | BR2: JUL 1ST | BU2: JUL 2ND | BX2: AUG 1ST | CA2: AUG 2ND | CD2: C | CE2: SPECIMEN- GIVEN | CF2: SPECIMEN - REQ. | CG2: VISIT DETIALS & COMMENTS
C3: PH. NO. | J3: I | K3: II | L3: III | M3: I | N3: II | O3: III | P3: I | Q3: II | R3: III | S3: I | T3: II | U3: III | V3: I | W3: II | X3: III | Y3: I | Z3: II | AA3: III | AB3: I | AC3: II | AD3: III | AE3: I | AF3: II | AG3: III | AH3: I | AI3: II | AJ3: III | AK3: I | AL3: II | AM3: III | AN3: I | AO3: II | AP3: III | AQ3: I | AR3: II | AS3: III | AT3: I | AU3: II | AV3: III | AW3: I | AX3: II | AY3: III | AZ3: I | BA3: II | BB3: III | BC3: I | BD3: II | BE3: III | BF3: I | BG3: II | BH3: III | BI3: I | BJ3: II | BK3: III | BL3: I | BM3: II | BN3: III | BO3: I | BP3: II | BQ3: III | BR3: I | BS3: II | BT3: III | BU3: I | BV3: II | BW3: III | BX3: I | BY3: II | BZ3: III | CA3: I | CB3: II | CC3: III
A4: =ROW()-3 -> 1 | B4: Amirtha vidyalaya | F4: Retaivaikal road | G4: Tiruchirappalli | H4: CBSE | I4: 1500 | P4: P | S4: P | Y4: P | Z4: P | AB4: P | AE4: P | AF4: P | BF4: P | BL4: P | BO4: P | BU4: P | BV4: P | CD4: =COUNTA(J4:CC4) -> 12 | CE4: DEC10-Sanskrit books | CG4: JULY31-General visit JULY17- next follow up JUN26-General visit JUN02-follow up MAY07-Order finished DEC27-Books not decided DEC16-Books are gothrough DEC10-SPEC. GVN. NOV28-Books are seeing NOV25-December end decide OCT18-VST NOV END. OCT05-VST FOR ORDER. | CH4: =IF(CD4<=0,"0",IF(CD4=1,"1",IF(CD4=2,"2",IF(CD4=3,"3",IF(CD4>=4,"4"))))) -> 4
A5: =ROW()-3 -> 2 | B5: CARE SCHOOL | C5: Priya | D5: 9566239282 | G5: Tiruchirappalli | H5: CBSE | I5: 560 | M5: P | N5: P | AB5: P | AC5: P | AE5: P | AF5: P | AH5: P | AK5: P | AN5: P | BF5: P | BG5: P | BI5: P | BL5: P | BO5: P | BU5: P | BV5: P | BX5: P | CD5: =COUNTA(J5:CC5) -> 17 | CE5: JAN22-Grammar 1to8, science 6to8, speak and write 1to5, hindi writting 1to5, english english 1to8 | CF5: DEC24-REQ DEC16-REQ DEC13-REQ DEC02-REQ SEP30-REQ SEP21-REQ | CG5: AUG07-School visit JULY23- General visit JULY16-Visit school for follow up JUN20-General visit JUN11-General visit MAY22-Follow up MAY13-next year follow up MAY09-general visit FEB07-ORDER F.UP VST. JAN22-SPEC. GVN. JAN04-After Pongal books are seeing DEC24-Samples asked January DEC16-SAMPLING IN JAN. DEC13-SAMPLING IN JAN. DEC02-Books wanted on January SEP30-SAMPLING IN JAN. SEP21-SAMPLING IN JAN. | CH5: =IF(CD5<=0,"0",IF(CD5=1,"1",IF(CD5=2,"2",IF(CD5=3,"3",IF(CD5>=4,"4"))))) -> 4
A6: =ROW()-3 -> 3 | B6: Cauvery Global | C6: Book incharge | F6: ramalingam nagar.trichy cbse | G6: Tiruchirappalli | H6: CBSE | I6: 1050 | P6: P | S6: P | V6: P | W6: P | Y6: P | Z6: P | AA6: PP | AB6: P | AK6: P | AN6: P | AQ6: P | AW6: P | AZ6: P | BC6: P | BF6: P | BL6: P | BU6: P | BX6: P | CD6: =COUNTA(J6:CC6) -> 18 | CE6: APR05-Sanskrit books 1to5 MAR19-Know it now gk 1to8 FEB27-Smart english 1to8 course books and work book FEB06-EVs 1&2,kavya hindi 1to8, creative hands Ato5, Hindi writing books 1to8. JAN31-Conquer english 1to5, school 3to5,milli Tamil handwriting 1to5, easy computer 1to8, inside out gk 1to8, value education 1to8 | CF6: NOV27-REQ NOV25-REQ NOV19-REQ NOV18-REQ NOV16-REQ NOV12-REQ NOV07-REQ | CG6: AUG07-General visit JULY17-General visit JUN12-General visit MAY09-Order finished APR22-DISCUSS ORDER. APR05-SPEC. GVN. MAR19-SPEC. GVN FEB27-SEOPC GVN. FEB06-SPEC. GVN. JAN31-SPEC. GVN. DEC13-Samples asked December end NOV30-LST FINAL IN JAN. NOV27-December 2nd week NOV25-SAMPLING DEC 2ND WEEK. NOV19-December end NOV18-November end books wanted NOV16-SAMPLING IN December NOV12-SAMPLING IN December NOV07-SAMPLING November end OCT29-DETAIL COLELCT. OCT03-DISCUSS ABUT ORDER., | CH6: =IF(CD6<=0,"0",IF(CD6=1,"1",IF(CD6=2,"2",IF(CD6=3,"3",IF(CD6>=4,"4"))))) -> 4
A7: =ROW()-3 -> 4 | B7: CAUVERY INTERNATIONAL | C7: Ms.Priya | D7: 9597556849 | E7: cauveryintl@gmail.com | G7: Tiruchirappalli | H7: CBSE | I7: 900 | M7: P | AE7: P | AF7: P | AN7: P | AO7: P | BC7: P | BI7: P | BL7: P | BR7: P | BU7: P | CD7: =COUNTA(J7:CC7) -> 10 | CE7: FEB15-Nai Kiran hindi 1to8. FEB05-English conquer 1to8, science 6to8, maths 6to8, basic english grammar 1to8. | CF7: DEC18-REQ SEP23-REQ | CG7: JULY29-General visit JULY03-General visit JUN13-follow up MAY19-General visit APR23-OUR TITLE NOT SLECTED. FEB15-SPEC. GVN. FEB05-SPEC. GVN. DEC28-Asked non core books DEC18-Samples asked December end SEP23-SAMPLING IN JAN. | CH7: =IF(CD7<=0,"0",IF(CD7=1,"1",IF(CD7=2,"2",IF(CD7=3,"3",IF(CD7>=4,"4"))))) -> 4
A8: =ROW()-3 -> 5 | B8: KAMALA NIKETHAN | C8: Srithar | D8: 9790318676 | G8: Tiruchirappalli | H8: CBSE | I8: 3000 | AB8: P | AE8: P | AF8: P | AG8: P | AK8: P | BF8: P | BG8: P | BH8: P | BI8: P | BL8: P | BR8: P | BS8: P | CD8: =COUNTA(J8:CC8) -> 12 | CE8: DEC19-Map practice 9and 10& hindi | CF8: DEC02-Map practice approach | CG8: JULY14-given key answer JULY03-General visit JUN02-General visit MAY21-General visit MAY14-WANT teacher manual MAY10-General visit MAY02-given key book JAN27-Order finished DEC26-School visit for map book order DEC24-Follow up for order DEC19-SPEC. GVN. DEC02-SAMPLING IN DEC. | CH8: =IF(CD8<=0,"0",IF(CD8=1,"1",IF(CD8=2,"2",IF(CD8=3,"3",IF(CD8>=4,"4"))))) -> 4
A9: =ROW()-3 -> 6 | B9: MAHATMA GANDHI SCHOOL | C9: MRS. PODNA | G9: Tiruchirappalli | H9: CBSE | I9: 1050 | AE9: P | AF9: P | AH9: P | AK9: P | AZ9: P | BC9: P | BD9: P | BE9: PP | BF9: P | BG9: P | BI9: P | BJ9: P | BK9: PP | BO9: P | BP9: P | CD9: =COUNTA(J9:CC9) -> 15 | CE9: JAN10-Hindi 1to8 | CF9: DEC31-REQ DEC18-REQ | CG9: JUN25-General visit JUN20-Asked for digital content installation MAY30-General visit MAY29-Work Shop DONE WITH MRS. SARITA MAY22-program and finalize on29 th may MAY20-Asked for training program MAY15-Asked for orientation program MAY07-Work Shop asked may Last week APR29-teacher copy GVN APR28-teacher copy given APR23-WANT T. MANUL. APR17-given teachers copies APR07-Meet principal and given books JAN20-Books not finalized JAN10-SPEC. GVN. DEC31-Books asked January 1st week DEC18-SAMPLING IN JAN. | CH9: =IF(CD9<=0,"0",IF(CD9=1,"1",IF(CD9=2,"2",IF(CD9=3,"3",IF(CD9>=4,"4"))))) -> 4 | CI9: WORKSHOP
A10: =ROW()-3 -> 7 | B10: mont fort nursery & primary | C10: Brother.Amal Raj | D10: 0432-267367 | F10: manaparai trichy | G10: Tiruchirappalli | H10: CBSE | I10: 377 | M10: P | V10: P | Y10: P | AE10: P | AK10: P | AN10: P | BR10: P | BX10: P | CD10: =COUNTA(J10:CC10) -> 8 | CE10: FEB05-Health and physical education | CF10: JAN21-physical education books NOV09-REQ SEP23-REQ | CG10: AUG05-General visit JULY04-General visit FEB05-SPEC. GVN. JAN21-WANT SPEC. DEC28-SAMPLING AFTER PONGAL. NOV29-Books seeing on January ember month NOV09-SAMPLING Dec SEP23-SAMPLING IN MARCH. | CH10: =IF(CD10<=0,"0",IF(CD10=1,"1",IF(CD10=2,"2",IF(CD10=3,"3",IF(CD10>=4,"4"))))) -> 4
A11: =ROW()-3 -> 8 | B11: Monfort | C11: Leonardi | E11: 4000 | G11: Tiruchirappalli | H11: CBSE | I11: 4000 | AH11: P | AK11: P | BI11: P | BO11: P | BR11: P | CD11: =COUNTA(J11:CC11) -> 5 | CE11: JAN07-Computer 1to8, hindi books 1to5 JAN04-6 to 8 subject books | CG11: JULY08-next follow up JUN20- follow up MAY17-General visit JAN16- Order not finalized JAN07-SPEC. GVN. JAN04-SPEC. GVN. | CH11: =IF(CD11<=0,"0",IF(CD11=1,"1",IF(CD11=2,"2",IF(CD11=3,"3",IF(CD11>=4,"4"))))) -> 4
A12: =ROW()-3 -> 9 | B12: ORCHARD CBSE SCHOOL | C12: Ms.Silvi | D12: 0431-2457994 | E12: orchardschool@gmail.com | G12: Tiruchirappalli | H12: CBSE | I12: 850 | AB12: P | AE12: P | AF12: P | AK12: P | AL12: P | AQ12: P | AR12: P | AT12: P | AU12: P | AV12: P | AZ12: P | BF12: P | BG12: P | BH12: P | BL12: P | BO12: P | BP12: P | BQ12: P | BR12: P | BU12: P | CD12: =COUNTA(J12:CC12) -> 20 | CE12: FEB25-Modern science and technology 1to5 JAN21-Grammar 1to8, science 6to8, conquer english 1to8, kavya hindi 1to8, map practice 6to8. | CF12: JAN17-REQ DEC24-REQ DEC19-Subject books 6to8 DEC03-Books asked 6to8 | CG12: JULY25-Asked modern science One copy JULY04-Damage book replace JUN25-ebook installation JUN19-get details of defects of books JUN17-Meet principal for any digital content JUN10-orders and follow up MAY14-teacher manual MAY06-DISCUSS ABUT T. TRAINING. MAY02-F.UP VST. APR08-given teachers copies MAR12-Order finished MAR08-Order is under process MAR04-Books not finalized under process FEB25-SPEC GVN, FEB17-know about our status of order JAN21-SPE.C GVN. JAN17-SAMPLINGA FTER PONGAL. DEC24- Asked subject books DEC19-WANT SPEC. DEC03-WANT SPEC. | CH12: =IF(CD12<=0,"0",IF(CD12=1,"1",IF(CD12=2,"2",IF(CD12=3,"3",IF(CD12>=4,"4"))))) -> 4
A13: =ROW()-3 -> 10 | B13: rajaji vidyalaya. | C13: Karthik | F13: thennur trichy | G13: Tiruchirappalli | H13: CBSE | I13: 887 | M13: P | N13: P | P13: P | Q13: P | S13: P | T13: P | V13: P | W13: P | Y13: P | Z13: P | AB13: P | AE13: P | AF13: P | AH13: P | AI13: P | AK13: P | AL13: P | AM13: P | BC13: P | BD13: P | BF13: P | BG13: P | BI13: P | BJ13: P | BK13: PP | BL13: P | BM13: P | BO13: P | BR13: P | BU13: P | BX13: P | CD13: =COUNTA(J13:CC13) -> 31 | CE13: JAN20-Science 6to8, social 6to8, maths 6to8, english 6to8, grammar 1to8. JAN11-Kg books, patterns semester 1 to 5, | CF13: JAN04-Subject books,kg books DEC31-REQ DEC16-Kg books and 7and 8 DEC15-REQ NOV27-REQ NOV18-REQ NOV13-REQ NOV07-REQ OCT01-REQ SEP30-REQ SEP20-REQ | CG13: AUG07-General visit JULY31-General visit JULY08-General visit JUN20-General visit JUN03-teacher copy GVN. JUN02-order next year MAY30-follow up MAY28-T. COPY GVN. MAY23-follow up MAY17-WANT T. MNAUL. MAY13-Asked for any training program MAY06-DISCUSS T. TRAING . APR28- given maths teacher manual APR16-Asked teacher copy JAN31-Order realised JAN30-Order finalized JAN20-SPEC. GVN. JAN11-SPEC. GVN. JNA04-WANT SPEC DEC31-SAMPLING AFTER PONGAL. DEC16-WANT SPEC. DEC15-SAMPLING JAN 1ST WEEK. NOV27-December month wanted books NOV18-SAMPLING Ask December NOV13-Give on December NOV07-SAMPLING December 1st week OCT29-SCHOOL VST. OCT22-VST NOV END. OCT15-F.UP VST. OCT01-SAMPLING NOV END. SEP30-SAMPLING IN JAN. SEP20-SAMPLING IN DEC. | CH13: =IF(CD13<=0,"0",IF(CD13=1,"1",IF(CD13=2,"2",IF(CD13=3,"3",IF(CD13>=4,"4"))))) -> 4
A14: =ROW()-3 -> 11 | B14: RAJAM KRISHNAMOORTHY PUBLIC SCHOOL | C14: Mr.Hari | E14: krishnamorthypublicschool@gmail.com | G14: Tiruchirappalli | H14: CBSE | I14: 150 | P14: P | S14: P | AH14: P | AK14: P | AN14: P | AQ14: P | AR14: P | AW14: P | AZ14: P | BA14: P | BC14: P | BD14: P | BF14: P | BR14: P | CD14: =COUNTA(J14:CC14) -> 14 | CE14: FEB25-Computer books 9and10 FEB10-6th social, science,7&8 science JAN31-Basic english grammar 1to8 | CG14: JULY08- General visit MAY08-Order finished APR23-ORDER IS NOT FINALISED. APR22-ORDER TITLE NOT SLECTED. APR15-Order not finalized APR05-Order is under process MAR27-Order is under process FEB25-SPEC. GVN. FEB19-Orders finalized FEB10-SPEC. GVN JAN31-WANT SEPC. JAN07-Visit for order status OCT18-VST DEC 1ST WEEK. OCT05-VST & MEET OFFICE INCHARGE. | CH14: =IF(CD14<=0,"0",IF(CD14=1,"1",IF(CD14=2,"2",IF(CD14=3,"3",IF(CD14>=4,"4"))))) -> 4
A15: =ROW()-3 -> 12 | B15: Sacred heart cbse | C15: Ilaiyaraja | F15: Mathur | G15: Tiruchirappalli | H15: CBSE | I15: 1000 | M15: P | N15: P | P15: P | Q15: P | S15: P | T15: P | V15: P | Y15: P | AB15: P | AC15: P | AE15: P | BF15: P | BI15: P | BJ15: P | BK15: P | BL15: P | BO15: P | BP15: P | BR15: P | BS15: P | BU15: P | CD15: =COUNTA(J15:CC15) -> 21 | CE15: DEC18-*Computer books 1to5 DEC10-Computer AI 9&10 DEC02-Grammar 1to8 Gk 1 to 8 | CF15: NOV02-REQ SEP28-REQ SEP20-REQ | CG15: JULY28-GNRAL VST. JULY14-General visit JULY08-Visit school for follow up JUN28-follow up JUN23-General visit JUN10-asked for next year promotion MAY31-Follow up MAY23-follow up MAY19-General visit MAY03-F.UP VST. DEC18-SPEC. GVN. DEC10-SPEC. GVN. DEC02-SPEC. GVN. NOV28-SAMPLING December 2nd week NOV02-SAMPLING NOV END. OCT30-VST NOV 1ST WEKE. OCT23-DISCUSS ABUT BOOKS. OCT08-MEET BOOK INCHARGE. OCT01-DISCUSS WITH BOOK INCHARGE. SEP28-SAMPLING IN JAN. SEP20-SAMPLING IN FEB. | CH15: =IF(CD15<=0,"0",IF(CD15=1,"1",IF(CD15=2,"2",IF(CD15=3,"3",IF(CD15>=4,"4"))))) -> 4
A16: =ROW()-3 -> 13 | B16: Samadh School | C16: Mr. chakco Nithya | D16: 9942810251 | E16: samadhschool@tri.com | F16: kajamalai.trichy | G16: Tiruchirappalli | H16: CBSE | I16: 1200 | M16: P | S16: P | V16: P | Y16: P | AB16: P | AE16: P | AF16: P | BI16: P | BO16: P | BU16: P | BX16: P | CD16: =COUNTA(J16:CC16) -> 11 | CE16: DEC19-Hindi books DEC07-Hindi , subject 6to8,art and craft | CF16: NOV19-REQ NOV07-REQ SEP20-REQ | CG16: AUG04-General visit JULY19-General visit JUN23-General visit MAY24-follow up DEC26-Follow up for order DEC19-SPEC. GVN. DEC07-SPEC. GVN. NOV19-Books wanted on February NOV7-SAMPLING IN DEC. OCT22-SAMPLING IN DEC. SEP20-SAMPLING IN FEB. | CH16: =IF(CD16<=0,"0",IF(CD16=1,"1",IF(CD16=2,"2",IF(CD16=3,"3",IF(CD16>=4,"4"))))) -> 4
A17: =ROW()-3 -> 14 | B17: Santhanam Vidhyalaya | C17: Mrs.padma srinivasan | D17: 9443302526 | E17: santanamvidyalaya@gmail.com | F17: murugan talkies road | G17: Tiruchirappalli | H17: CBSE | I17: 530 | M17: P | P17: P | S17: P | V17: P | W17: P | BI17: P | BJ17: P | BL17: P | BM17: P | BO17: P | BU17: P | CD17: =COUNTA(J17:CC17) -> 11 | CE17: JUN03-Sanskrit books NOV13-Maths, science for(7&8) | CF17: NOV07-REQ | CG17: JULY16-General visit JUN19-DISCUSS about Sanskrit order JUN05-General visit JUN03-SPEC. GVN. MAY31-General visit MAY19-get details of selected books NOV19-Discuss with our title NOV13-SPEC. GVN. NOV07- Month of December OCT17-VST IN NOV. OCT01-DISCUSS ABUT ORDER. SEP18-VST AFTER PONGAL. | CH17: =IF(CD17<=0,"0",IF(CD17=1,"1",IF(CD17=2,"2",IF(CD17=3,"3",IF(CD17>=4,"4"))))) -> 4
A18: =ROW()-3 -> 15 | B18: SIVANANDHA BALA | C18: Mrs.Revathy | D18: 9443735437 | E18: sivanandabalalaya@radiffmaul.com | G18: Tiruchirappalli | H18: CBSE | I18: 800 | M18: P | P18: P | AB18: P | AE18: P | AF18: P | AG18: P | AH18: P | AK18: P | AT18: P | AW18: P | AZ18: P | BL18: P | BM18: P | BR18: P | CD18: =COUNTA(J18:CC18) -> 14 | CE18: JUN12- saras hindi book APR05-Speak and write 1to5, mili Tamil handwriting 1to5, ncert assignment english, maths 1to5 MAR22-Know it now gk 1to5 MAR2-Inner circle 1to8, gk 1to8, hindi books 1to8 nai Kiran | CF18: DEC27-REQ DEC18-REQ DEC03-REQ SEP24-REQ | CG18: JULY09-General visit JUN14-Order visit JUN12-SPEC. GVN. APR05-SPEC GVN. MAR22-SPEC. GVN. MAR12-SPEC. GVN. JAN22-Wanted subject books JAN07-School visit DEC27-SAMPLING IN JAN. DEC19-SAMPLING IN JAN MNTH. DEC18-Wanted December end DEC03-SAMPLING IN JAN. OCT03-DISCUSS ABUT ORDER. SEP24-SAMPLING IN JAN. | CH18: =IF(CD18<=0,"0",IF(CD18=1,"1",IF(CD18=2,"2",IF(CD18=3,"3",IF(CD18>=4,"4"))))) -> 4
A19: =ROW()-3 -> 16 | B19: Sowma Public School | C19: ms.epsiba | D19: 848937685 | E19: sowmapublicschool@gmail.com | F19: viralimalai road.trichy | G19: Tiruchirappalli | H19: CBSE | I19: 625 | V19: P | Y19: P | AE19: P | AK19: P | AN19: P | AT19: P | AW19: P | AZ19: P | BF19: P | BL19: P | BR19: P | BS19: P | BT19: P | BX19: P | CD19: =COUNTA(J19:CC19) -> 14 | CE19: JAN21-Conquer english 1to8, science 7to8, speak and write 1to8, hindi books 1to8, know it now 1to8, grammar 1to8 | CF19: DEC28-REQ NOV29-REQ | CG19: AUG07-General visit JULY08-General visit JULY12-General visit JULY04-General visit JUN13-General visit MAY10-General visit APR02-Order is finished MAR27-Order finalized MAR08-Order is finalized FEB05-Books not seeing for annual day function JAN21-SPEC. GVN. DEC28-SAMPLING IN JAN. NOV29-Books wanted on December month NOV09-Book seen on November end | CH19: =IF(CD19<=0,"0",IF(CD19=1,"1",IF(CD19=2,"2",IF(CD19=3,"3",IF(CD19>=4,"4"))))) -> 4
A20: =ROW()-3 -> 17 | B20: sri vageesha vidyashram | C20: Ananthan | F20: mellur road.trichy | G20: Tiruchirappalli | H20: CBSE | I20: 1500 | P20: P | Q20: P | T20: P | V20: P | W20: P | BF20: P | BI20: P | BL20: P | BO20: P | BU20: P | CD20: =COUNTA(J20:CC20) -> 10 | CE20: OCT24-MATH , HINDI , SCI 6-8 | CF20: OCT01-REQ | CG20: JULY30-General visit JUN23-General visit JUN11-General visit MAY21-next year follow up MAY08-General visit NOV12-Explain about the books NOV07-Books are seeing OCT24-SPEC. GVN. OCT08-VST & MEET PRINCIPAL. OCT01-SAMPLING OCT END. | CH20: =IF(CD20<=0,"0",IF(CD20=1,"1",IF(CD20=2,"2",IF(CD20=3,"3",IF(CD20>=4,"4"))))) -> 4
A21: =ROW()-3 -> 18 | B21: ST .JOHN OF ARC | C21: Ms.renuka | D21: 8056898155 | E21: stjohn@yahoo.com | G21: Tiruchirappalli | H21: CBSE | I21: 280 | M21: P | S21: P | AB21: P | AC21: P | BR21: P | CD21: =COUNTA(J21:CC21) -> 5 | CE21: DEC12-Computer AI books DEC03-Computer AI 6to8 | CF21: SEP24-REQ | CG21: JULY04-General visit DEC12-SPEC. GVN. DEC03-WANT SPEC. OCT19-VST IN NOV. SEP24-SAMPLING IN JAN. | CH21: =IF(CD21<=0,"0",IF(CD21=1,"1",IF(CD21=2,"2",IF(CD21=3,"3",IF(CD21>=4,"4"))))) -> 4
A22: =ROW()-3 -> 19 | B22: ST JAMES ACADEMY | C22: Wilfred | G22: Tiruchirappalli | H22: CBSE | I22: 517 | AB22: P | AE22: P | AF22: P | AG22: P | BL22: P | BO22: P | BX22: P | CD22: =COUNTA(J22:CC22) -> 7 | CE22: DEC19-EVS books 1&2 DEC02-Let's talk 1 to 5 | CG22: AUG01-Visit school for follow up JUN26-General visit JUN10-General visit DEC31-Books not finalized DEC26-January month books finalizing DEC19-SPEC. GVN. DEC02-SPEC. GVN. | CH22: =IF(CD22<=0,"0",IF(CD22=1,"1",IF(CD22=2,"2",IF(CD22=3,"3",IF(CD22>=4,"4"))))) -> 4
A23: =ROW()-3 -> 20 | B23: ST PATTRICAS ACADEMY | C23: father ramesh | D23: 948808469 | G23: Tiruchirappalli | H23: CBSE | I23: 349 | AB23: P | AC23: P | AE23: P | AF23: P | AK23: P | AQ23: P | AR23: P | AZ23: P | BL23: P | BR23: P | CD23: =COUNTA(J23:CC23) -> 10 | CE23: JAN23-Ncert assignment 6to8, English, science, maths | CF23: DEC16-kg& subject books DEC15-REQ DEC03-Semester books | CG23: JULY12-General visit JUN02-order follow up APR02-Order finished FEB27-Order finished FEB21-Order realised JAN23-SPEC. GVN. DEC26-School visit for details DEC16-WANT SPEC. DEC15-SAMPLING IN JAN. DEC03- WANT SPEC. | CH23: =IF(CD23<=0,"0",IF(CD23=1,"1",IF(CD23=2,"2",IF(CD23=3,"3",IF(CD23>=4,"4"))))) -> 4
A24: =ROW()-3 -> 21 | B24: VIGNESH PUBLIC SCHOOL | C24: Mr.Dhayanadhan | D24: 8973055577 | E24: vignesh_@hahoo.com | G24: Tiruchirappalli | H24: CBSE | I24: 900 | M24: P | N24: P | P24: P | S24: P | T24: P | U24: P | V24: P | Y24: P | Z24: P | AA24: P | AB24: P | AC24: P | BI24: P | BR24: P | BU24: P | BX24: P | CD24: =COUNTA(J24:CC24) -> 16 | CE24: DEC12-gk 1to8 NOV23-Grammar given NOV13-Basic English grammar and composition | CF24: SEP30-REQ SEP25-REQ | CG24: AUG01- follow up JULY30-General visit JULY09-General visit MAY20-General visit DEC12-SPEC. GVN. DEC07- Books are gothrough and verifying NOV28-Grammar book follow up NOV25-Books are seeing NOV23-SPEC. GVN. NOV13-SPEC. GVN. OCT28-VST & MEET PRINCIPAL. OCT24-VST IN NOV. OCT19-VST NOV 1ST WEEK. OCT03-VST NOV END. SEP30-SAMPLING IN JAN. SEP25-SAMPLING IN JAN. | CH24: =IF(CD24<=0,"0",IF(CD24=1,"1",IF(CD24=2,"2",IF(CD24=3,"3",IF(CD24>=4,"4"))))) -> 4
A25: =ROW()-3 -> 22 | B25: Vivekananda vidyalaya | C25: Thenmozhi | E25: 900 | G25: Tiruchirappalli | H25: CBSE | AB25: P | AE25: P | AK25: P | AL25: P | BF25: P | BL25: P | BO25: P | BU25: P | CD25: =COUNTA(J25:CC25) -> 8 | CE25: DEC10-English & maths assignment 1to3. | CG25: JULY30-Follow up JUN23-General visit JUN05-General visit MAY13-General visit JAN27-Order finalized JAN20-Visit for Assignment order DEC16-Books Not decided DEC10-SPEC. GVN. | CH25: =IF(CD25<=0,"0",IF(CD25=1,"1",IF(CD25=2,"2",IF(CD25=3,"3",IF(CD25>=4,"4"))))) -> 4
A27: =ROW()-4 -> 23 | B27: ARNOLD SCHOOL | G27: Tiruchirappalli | H27: STATE | I27: 550 | M27: P | BC27: P | CD27: =COUNTA(J27:CC27) -> 2 | CG27: APR22-ORDER TITLE SLECTED. SEP27-LST FINAL APRIL. | CH27: =IF(CD27<=0,"0",IF(CD27=1,"1",IF(CD27=2,"2",IF(CD27=3,"3",IF(CD27>=4,"4"))))) -> 2
A28: =ROW()-4 -> 24 | B28: arockia matha | C28: Father.Thomas | D28: 0431-2483859 | E28: arockiamata@gmail.com | F28: karumandapam.trichy | G28: Tiruchirappalli | H28: STATE | I28: 1500 | M28: P | P28: P | Q28: P | S28: P | Y28: P | AB28: P | AK28: P | AN28: P | AQ28: P | AT28: P | AU28: P | AZ28: P | BI28: P | BR28: P | BS28: P | BU28: P | CD28: =COUNTA(J28:CC28) -> 16 | CE28: FEB21-Speak and write 1to8, mili Tamil handwriting 1to5, enjoy with colour Ato5, | CF28: JAN18-REQ DEC12-REQ NOV16-REQ | CG28: JULY23-Meet principal for next year JULY11-General visit JULY05-General visit MAY27-General visit APR04-Order finished MAR11-Order is under process MAR03-Books are under process FEB21-SPE.C GVN. FEB10-get details of books JAN18-SAMPLING JAN END. DEC12-SAMPLING JAN END. NOV16-SAMPLING March end OCT17-VST IN JAN. OCT10-F.UP VST,. OCT04-VST IN MARCH. SEP19-VST IN APRIL | CH28: =IF(CD28<=0,"0",IF(CD28=1,"1",IF(CD28=2,"2",IF(CD28=3,"3",IF(CD28>=4,"4"))))) -> 4
A29: =ROW()-4 -> 25 | B29: AYESHA | C29: Dr.Karunniya | D29: 4312331021 | E29: ayshagirlsschool@gmail.com | G29: Tiruchirappalli | H29: STATE | I29: 500 | AB29: P | AK29: P | AL29: P | AT29: P | AW29: P | AZ29: P | BU29: P | CD29: =COUNTA(J29:CC29) -> 7 | CE29: APR01-Know it now gk 1to8 MAR19-Tamil handwriting 1to5, english cursive writing 1to5 | CF29: MAR01-REQ JAN30-REQ JAN18-REQ DEC05-REQ | CG29: JULY28-Visit school for next follow up APR01-SPEC. GVN. MAR19-SPEC. GVN. MAR01-Samples asked march 2nd week JAN30-Samples wanted February 2nd week JAN18-Samples asked January last week DEC05-SAMPLING IN FEB. | CH29: =IF(CD29<=0,"0",IF(CD29=1,"1",IF(CD29=2,"2",IF(CD29=3,"3",IF(CD29>=4,"4"))))) -> 4
A30: =ROW()-4 -> 26 | B30: CAMPION A.I. SEC.SCHOOL | C30: Bro.Jamespaulraj | D30: 9944056384 | E30: championmatricschool@yahoo.com | G30: Tiruchirappalli | H30: STATE | I30: 2800 | AB30: P | AE30: P | AK30: P | AT30: P | AU30: P | AW30: P | AX30: P | AZ30: P | BA30: P | BI30: P | BX30: P | CD30: =COUNTA(J30:CC30) -> 11 | CE30: APR01-Gk 6to8, computer 6to8, MAR28-GK books 1to8. MAR18-Speak and write 1to8, hindi writting 1to5 MAR11-Basic english grammar 1to8 MAR03-Speak and write 1to8 computer books 1 to 8 | CF30: DEC24-REQ DEC15-REQ | CG30: AUG06-General visit MAY23-follow up APR10-Order finished APR01-SPEC. GVN. MAR28-SPEC. GVN MAR18-SPEC. GVN. MAR11-SPEC. GVN MAR03-SPE.C GVN. JAN16-Order not finalized DEC24-SAMPLING IN FEB., DEC15-Samples wanted February | CH30: =IF(CD30<=0,"0",IF(CD30=1,"1",IF(CD30=2,"2",IF(CD30=3,"3",IF(CD30>=4,"4"))))) -> 4
A31: =ROW()-4 -> 27 | B31: CHINMAYA VIDHYALAYA | C31: Ms.vatsala | D31: 0431-2300866 | E31: chinmayavidyalaya@gmail.com | G31: Tiruchirappalli | H31: STATE | I31: 800 | AB31: P | AN31: P | AO31: P | AQ31: P | AR31: P | AW31: P | AX31: P | AY31: P | BI31: P | BL31: P | BO31: P | BU31: P | CD31: =COUNTA(J31:CC31) -> 12 | CE31: FEB19-Appittude ace1to5 FEB07-Rashmi hindi 1to8, know it now gk 1to8, hindi writting 1to8, english grammar 1to8, | CF31: DEC05-REQ | CG31: JULY31-General visit JUN26-General visit JUN12-Asked teacher copy MAY27-follow up MAR27- order.apptitude confirmed MAR22-Books not decided , March end MAR19-Order is under process FEB28-Books not decided FEB19-SPEC. GVN. FEB07-SPEC. GVN. FEB06-annual day preparation DEC05-Books asked after January | CH31: =IF(CD31<=0,"0",IF(CD31=1,"1",IF(CD31=2,"2",IF(CD31=3,"3",IF(CD31>=4,"4"))))) -> 4
A32: =ROW()-4 -> 28 | B32: CSI METHODIST NURSERY | C32: Ms.Pamila | E32: 605 | G32: Tiruchirappalli | H32: STATE | I32: 605 | AK32: P | AL32: P | AN32: P | AW32: P | BC32: P | BI32: P | BU32: P | BX32: P | CD32: =COUNTA(J32:CC32) -> 8 | CE32: MAY16-phonics books MAR18-Speak and write 1to5, enjoy with colour Ato5, mili Tamil handwriting 1to5 | CF32: FEB13-REQ FEB01-REQ JAN27-REQ | CG32: AUG02-General visit JULY29-General visit MAY16-SPEC. GVN. APR30-Order finished MAR18-SPEC. GVN. FEB13-Samples asked February month end FEB01-Samples asked February end JAN27-SAMPLING FEB 2ND WEEK. | CH32: =IF(CD32<=0,"0",IF(CD32=1,"1",IF(CD32=2,"2",IF(CD32=3,"3",IF(CD32>=4,"4"))))) -> 4
A33: =ROW()-4 -> 29 | B33: Dr.sakunthala | C33: Mirdhula | E33: 650 | G33: Tiruchirappalli | H33: STATE | I33: 650 | AT33: P | AW33: P | AZ33: P | BA33: P | BC33: P | BD33: P | BF33: P | BO33: P | BR33: P | BU33: P | BX33: P | CD33: =COUNTA(J33:CC33) -> 11 | CE33: MAR12-Speak and write 1to5, grammar 1to5, rise and shine kg books | CG33: AUG09-General visit JULY29-General visit JULY09-next year follow up JUN28-enquiry for selection of books MAY02-Our books not selected APR29-Order is not finalized APR16-Not finalized APR08-Order not finalized APR04-Order is finalized MAR28-asked about order status MAR12-SPEC. GVN | CH33: =IF(CD33<=0,"0",IF(CD33=1,"1",IF(CD33=2,"2",IF(CD33=3,"3",IF(CD33>=4,"4"))))) -> 4
A34: =ROW()-4 -> 30 | B34: GANESWARA NURSERY | C34: Ms.Prasanthi | D34: 8508311928 | E34: ganeswaranursery@yahoo.in | G34: Tiruchirappalli | H34: STATE | I34: 400 | S34: P | AK34: P | AN34: P | AT34: P | AW34: P | AZ34: P | BA34: P | BC34: P | BR34: P | CD34: =COUNTA(J34:CC34) -> 9 | CE34: APR12-Enjoy with colour Ato5, mili Tamil handwriting 1to5, rises and shine kg books APR02-Speak and write 1to5, mili Tamil handwriting 1to5 | CF34: FEB01-REQ JAN27- kg books | CG34: JULY11-General visit APR30-Order finished APR12-SPEC. GVN. APR02-SPEC GVN. MAR25- samples April 2ndweek MAR01-Asked kg books kit FEB01-Samples wanted march 2nd week JAN27-WANT SPE.C OCT25-VST MAR END. | CH34: =IF(CD34<=0,"0",IF(CD34=1,"1",IF(CD34=2,"2",IF(CD34=3,"3",IF(CD34>=4,"4"))))) -> 4
A35: =ROW()-4 -> 31 | B35: holly cross | C35: fr.joan petar | D35: 0431 2607175 | E35: hollycrossschool@yahoo.com | F35: somarampettai trichy | G35: Tiruchirappalli | H35: STATE | I35: 2010 | Y35: P | AB35: P | AK35: P | AN35: P | AQ35: P | AR35: P | AS35: P | AT35: P | AW35: P | AX35: P | BF35: P | BI35: P | BJ35: P | BR35: P | BU35: P | CD35: =COUNTA(J35:CC35) -> 15 | CE35: FEB27-My favourite book of gk 1to8 FEB21-Know it now 6to8 given FEB18-Speak and write 1to8, computer genius 1to8 FEB13-Know it now 1to5, | CF35: FEB13-Computer, cursive writing, Tamil handwriting DEC10-REQ NOV16-REQ | CG35: JULY28-General visit JULY11-next year follow up MAY26-follow up MAY16-General visit MAY08-General visit MAR25-Order is under process MAR18-Order is under process MAR10-Order is going process FEB27-SPEC. GVN. FEB21-SPEC GVN. FEB18-SPEC. GVN. FEB13-SPEC. GVN WANT MORE. JAN31-Samples wanted February 2nd week DEC10-SAMPLING IN JAN. NOV16-SAMPLING IN February | CH35: =IF(CD35<=0,"0",IF(CD35=1,"1",IF(CD35=2,"2",IF(CD35=3,"3",IF(CD35>=4,"4"))))) -> 4
A36: =ROW()-4 -> 32 | B36: HAPF SCHOOL | G36: Tiruchirappalli | H36: STATE | BC36: P | CD36: =COUNTA(J36:CC36) -> 1 | CG36: APR24-DISCUSS ABUT ORDER. | CH36: =IF(CD36<=0,"0",IF(CD36=1,"1",IF(CD36=2,"2",IF(CD36=3,"3",IF(CD36>=4,"4"))))) -> 1
A37: =ROW()-4 -> 33 | B37: Infant Jesus | C37: Tamilarasan | F37: edumalaipatti trichy | G37: Tiruchirappalli | H37: STATE | I37: 900 | V37: P | AB37: P | AH37: P | AK37: P | AT37: P | AU37: P | AW37: P | AZ37: P | BO37: P | CD37: =COUNTA(J37:CC37) -> 9 | CE37: MAR10-Speak and write 1to8, know it now gk 1to8 MAR04-Speak and write 1to8, know it now gk 1to8, computer 1to8, drawing Ato5 | CF37: JAN30-REQ JAN07-REQ DEC05-REQ NOV08-REQ | CG37: JUN26-follow up APR15-Order is realised MAR25-Order not finalized MAR10-SPEC. GVN. MAR04-SPE.C GVN. JAN30-samples February month end JAN07-SAMPLING JAN MNTH. DEC05-SAMPLING AFTER FEB. NOV08-SAMPLING FEB END. | CH37: =IF(CD37<=0,"0",IF(CD37=1,"1",IF(CD37=2,"2",IF(CD37=3,"3",IF(CD37>=4,"4"))))) -> 4
A38: =ROW()-4 -> 34 | B38: Jayandra matric school | C38: Laxman | F38: Trichy | G38: Tiruchirappalli | H38: STATE | I38: 1000 | M38: P | P38: P | S38: P | T38: P | V38: P | Y38: P | AH38: P | AK38: P | AN38: P | AQ38: P | AR38: P | AW38: P | AX38: P | BF38: P | BL38: P | BR38: P | BX38: P | CD38: =COUNTA(J38:CC38) -> 17 | CE38: FEB07-Basic english grammar 1to8, creative hands Ato5, favourite gk 1to8 JAN29-Rise and shine term book 1to5, hindi hand writting 1to8. | CF38: NOV28-REQ NOV08-REQ SEP19-REQ | CG38: AUG02-follow up JULY07-General visit JUN03-General visit MAY15-General visit MAR27-known about order status MAR18-Order is under process FEB25-Order is under process FEB18-Order is on under process FEB07-SPEC. GVN. JAN29-SPEC. GVN. JAN13-SAMPLING AFTER PONGAL. NOV28- January month NOV08-January end OCT28-DISCUSS ABUT BOOKS. OCT18-JUST VST. OCT10-DISCUSS ABUT BOOKS. SEP19-SAMPLING IN MARCH. | CH38: =IF(CD38<=0,"0",IF(CD38=1,"1",IF(CD38=2,"2",IF(CD38=3,"3",IF(CD38>=4,"4"))))) -> 4
A39: =ROW()-4 -> 35 | B39: JEGEN MATHA MATRIC | C39: Fr.Chinnappan | D39: 9443974145 | E39: jagamatamatricschool@yahoo.com | G39: Tiruchirappalli | H39: STATE | I39: 1200 | M39: P | S39: P | AH39: P | AK39: P | AT39: P | AW39: P | BC39: P | BI39: P | BO39: P | BU39: P | CD39: =COUNTA(J39:CC39) -> 10 | CE39: MAR29-Speak and write 1to3, Tamil handwriting 1to3, enjoy with colour Ato5 | CF39: JAN18-COMPUTER JAN10-REQ SEP20-REQ | CG39: JULY25-General visit JUN27-General visit MAY27-GNRAL VST APR17-Order is under process MAR29-SPEC. GVN. MAR10-Books not finalized JAN18-WANT SPEC, JAN10-Samples asked January end OCT22-SCHOOL VST. SEP20-SAMPLING FEB LST. | CH39: =IF(CD39<=0,"0",IF(CD39=1,"1",IF(CD39=2,"2",IF(CD39=3,"3",IF(CD39>=4,"4"))))) -> 4
A40: =ROW()-4 -> 36 | B40: JOHN BRITTO | C40: Pri.Antony | D40: 8489400376 | E40: jonbrittoschhol@gmail.com | G40: Tiruchirappalli | H40: STATE | I40: 800 | M40: P | P40: P | AK40: P | AL40: P | AN40: P | AO40: P | AQ40: P | AT40: P | AW40: P | AZ40: P | BA40: P | BC40: P | BD40: P | BE40: P | BR40: P | BS40: P | BX40: P | BY40: P | CD40: =COUNTA(J40:CC40) -> 18 | CE40: MAR11-Speak and write 1to8, mili Tamil handwriting 1to5,ace appittude 1to5. | CF40: FEB10-REQ FEB06-REQ JAN31-REQ JAN17-REQ SEP27-REQ | CG40: AUG06-General visit AUG04-General visit JULY09-next year follow up JULY05-General visit APR28-Order finished APR21-Visit school and get order status APR07-Order is under process APR17-Order is under process APR02-Order is under process going MAR18-Teacher are seeing books MAR11-SPEC. GVN. FEB28-Books are seeing next week FEB10-Books asked February end FEB06-SAMPLING FEB END. JAN31-Samples asked February end JAN17-Samples wanted January end OCT10-F.UP VST. SEP27-SAMPLING IN MARCH. | CH40: =IF(CD40<=0,"0",IF(CD40=1,"1",IF(CD40=2,"2",IF(CD40=3,"3",IF(CD40>=4,"4"))))) -> 4
A41: =ROW()-4 -> 37 | B41: Joseph Anglo Indian | C41: Nancy lourdhu marry | E41: 2220 | G41: Tiruchirappalli | H41: STATE | I41: 2200 | AK41: P | AT41: P | AU41: P | AW41: P | BF41: P | BJ41: P | BL41: P | BV41: P | BW41: P | CD41: =COUNTA(J41:CC41) -> 9 | CE41: MAY07- english handwriting 1to5 JAN30-Rise and shine term book 1to5,ace appittude 1to5 | CG41: JULY23-General visit JULY16-next follow up JUN11-General visit JUN1-General visit MAY23-follow up MAY07-SPEC. GVN. MAR28- Order finalized MAR11-Order is under process MAR01-Books are seeing under process JAN30-SPEC. GVN | CH41: =IF(CD41<=0,"0",IF(CD41=1,"1",IF(CD41=2,"2",IF(CD41=3,"3",IF(CD41>=4,"4"))))) -> 4
A42: =ROW()-4 -> 38 | B42: LAKSHMI METRIC | C42: ms.mannimozhi | D42: 0432 260279 | E42: malshmimatric@yahoo.co.in | G42: Tiruchirappalli | H42: STATE | I42: 2500 | S42: P | AK42: P | AL42: P | AN42: P | AW42: P | BI42: P | BL42: P | CD42: =COUNTA(J42:CC42) -> 7 | CE42: JAN21-Rise and shine term 1to5, drawing Ato5. | CF42: JAN20- term book | CG42: JUN13-follow up MAY19-General visit MAR26-known about order status FEB05-Books not finalized JAN21-SPEC. GVN. JAN20-WANT SPEC. OCT23-VST IN FEB. | CH42: =IF(CD42<=0,"0",IF(CD42=1,"1",IF(CD42=2,"2",IF(CD42=3,"3",IF(CD42>=4,"4"))))) -> 4
A43: =ROW()-4 -> 39 | B43: OM MARUTHI | C43: Ms.Karthika | D43: 0431 -4816789 | E43: ommaruthi@gmail.com | G43: Tiruchirappalli | H43: STATE | I43: 400 | M43: P | N43: P | P43: P | S43: P | T43: P | AK43: P | AN43: P | AT43: P | AW43: P | AZ43: P | BC43: P | BD43: P | BL43: P | BU43: P | BV43: P | BX43: P | CD43: =COUNTA(J43:CC43) -> 16 | CE43: APR16-Skilled mental maths 1to5 MAR22-Speak and write 1to5, mili Tamil handwriting 1to5. MAR03-Kg term books, drawing Ato5,gk inside out 1to5 | CF43: FEB01-REQ JAN17-REQ SEP30-REQ SEP21-REQ | CG43: AUG06-General visit JULY29-General visit JULY23-General visit JUN12-General visit APR29-Order finalized APR16-SPEC. GVN. APR01-April end only decided MAR22-SPEC. GVN. MAR03-SPE.C GVN. FEB01-Samples asked February end JAN17-SAMPLING FEB 1ST WEEK. OCT25-SCHOOL VST TO COELLCT. OCT17-VST AFTER PONGAL. OCT10-VST FOR RETN COLELCT. SEP30-SAMPLING IN MARCH. SEP21-SAMPLING IN MARCH. | CH43: =IF(CD43<=0,"0",IF(CD43=1,"1",IF(CD43=2,"2",IF(CD43=3,"3",IF(CD43>=4,"4"))))) -> 4
A44: =ROW()-4 -> 40 | B44: PERIYAR MATRIC SCHOOL | C44: Mr.Radha Krishnan | D44: 0431 2456394 | E44: periyarmatricschool@gmail.com | G44: Tiruchirappalli | H44: STATE | I44: 1300 | AB44: P | AH44: P | AK44: P | AL44: P | AQ44: P | BL44: P | BM44: P | BR44: P | BV44: P | BX44: P | CD44: =COUNTA(J44:CC44) -> 10 | CE44: JAN20-Speak and write 1to8 JAN07-Rise and shine kg books | CF44: DEC03-REQ | CG44: AUG02-General visit JULY19-General visit JULY07-School visit for follow up JUN14-General visit JUN03-next year follow up FEB19-Books are seeing under process JAN21-School visit for order status JAN20-SPEC. GVN. JAN07-SPEC. GVN. DEC03-Samples wanted on January | CH44: =IF(CD44<=0,"0",IF(CD44=1,"1",IF(CD44=2,"2",IF(CD44=3,"3",IF(CD44>=4,"4"))))) -> 4
A45: =ROW()-4 -> 41 | B45: SADIK MATRIC | C45: Ms.Kamartha Raj | D45: 0431-233085 | E45: sadikmatic school@gmail.com | G45: Tiruchirappalli | H45: STATE | I45: 520 | S45: P | AQ45: P | AZ45: P | BA45: P | BB45: P | BU45: P | CD45: =COUNTA(J45:CC45) -> 6 | CE45: APR08-Skilled mental maths 1to5, hindi writting 1to5 APR04-Chavi sulekh mala 1to8, mental maths 1to5 APR01-Hindi writing books 1to8, | CG45: JULY23-General visit APR08-SPEC. GVN. APR04-SPEC. GVN. APR01-SPEC. GVN. FEB22-School visit and collect details OCT25-VST FEB END. | CH45: =IF(CD45<=0,"0",IF(CD45=1,"1",IF(CD45=2,"2",IF(CD45=3,"3",IF(CD45>=4,"4"))))) -> 4
A46: =ROW()-4 -> 42 | B46: Servite | C46: Therasa | E46: 950 | G46: Tiruchirappalli | H46: STATE | I46: 950 | AE46: P | AK46: P | AN46: P | BI46: P | BO46: P | BU46: P | CD46: =COUNTA(J46:CC46) -> 6 | CE46: JAN30-Hindi writing 1to8,kavya hindi 1to8,rise and shine kg books | CF46: DEC18-REQ | CG46: JULY28-Return books JUN16-answer book GVN MA24-follow up FEB05-Order finalized JAN30-SPEC. GVN. DEC18-SAMPLING IN JAN MNTH. | CH46: =IF(CD46<=0,"0",IF(CD46=1,"1",IF(CD46=2,"2",IF(CD46=3,"3",IF(CD46>=4,"4"))))) -> 4
A47: =ROW()-4 -> 43 | B47: SHAKESPEARE METRIC | C47: Ms.Dana Selvi | D47: 0431-2300657 | E47: nil | G47: Tiruchirappalli | H47: STATE | I47: 1000 | S47: P | AH47: P | AN47: P | AQ47: P | AT47: P | AW47: P | AX47: P | AZ47: P | BA47: P | BC47: P | BD47: P | BE47: P | BL47: P | BO47: P | BU47: P | CD47: =COUNTA(J47:CC47) -> 15 | CE47: MAR10-Know it now gk 1to8 FEB25-Speak and write 1to8, hindi books 1to8, | CF47: FEB13-REQ JAN11-REQ | CG47: JULY30-General visit JUN30-Visit school for follow up JUN13-visit for follow up APR24-ORDER IS FINALISED. APR21-get details of order status APR19-Visit school and get details APR12-Order is under process APR01-Order is under process MAR28-Visit school and get details of order status MAR18-March end only decided MAR10-SPEC. GVN. FEB25-SPEC. GVN. FEB13-Samples asked march 1st week JAN11-SAMPLING JAN MNTH. OCT25-VST IN JAN. | CH47: =IF(CD47<=0,"0",IF(CD47=1,"1",IF(CD47=2,"2",IF(CD47=3,"3",IF(CD47>=4,"4"))))) -> 4
A48: =ROW()-4 -> 44 | B48: Sri Ramakrishna Vidhyalaya | C48: Ms.Chitra | D48: 9488590728 | E48: ramakrisnapublicschool@gmail.com | F48: opp mit.mathur.trichy | G48: Tiruchirappalli | H48: STATE | I48: 800 | M48: P | N48: P | P48: P | V48: P | W48: P | Y48: P | AK48: P | AN48: P | AO48: P | AQ48: P | AW48: P | AZ48: P | BC48: P | BD48: P | BF48: P | BI48: P | BO48: P | BR48: P | BU48: P | CD48: =COUNTA(J48:CC48) -> 19 | CE48: MAR26-Basic english grammar 1to5 FEB06-Rise and shine kg books | CF48: JAN22-REQ NOV13-REQ SEP28-REQ NOV08-REQ SEP18-REQ | CG48: JULY26-Visit school for follow up JULY12-General visit JUN27-follow up MAY31-General visit MAY03-ORDER FINALISED. APR19-Order is finalized APR16-books under process APR04-April end only decided MAR26-SPEC. GVN. FEB13-Books are seeing FEB22-Books not finalized FEB06-SPEC. GVN. JAN22-Samples wanted February end NOV30-Deciding after February NOV13-SAMPLING IN FEB. NOV08-SAMPLING February month OCT03-VST & MEET BOOK INCHARGE. SEP28-SAMPLING IN MARCH. SEP18-SAMPLING IN APRIL. | CH48: =IF(CD48<=0,"0",IF(CD48=1,"1",IF(CD48=2,"2",IF(CD48=3,"3",IF(CD48>=4,"4"))))) -> 4
A49: =ROW()-4 -> 45 | B49: sri sankara matric | C49: Meena | F49: market road.trichy | G49: Tiruchirappalli | H49: STATE | I49: 671 | M49: P | V49: P | AH49: P | AN49: P | AQ49: P | AW49: P | AX49: P | BR49: P | BX49: P | CD49: =COUNTA(J49:CC49) -> 9 | CE49: FEB10-Rise and shine kg books, 1to5 rise and shine term books, basic english grammar 1to8. | CF49: JAN13-REQ NOV13-REQ SEP19-REQ | CG49: AUG04-General visit JULY07-General visit MAR26-known about order status MAR18-Order not finalized FEB19-Books are seeing in process FEB10-SPEC. GVN. JAN13- Samples asked after Pongal NOV13-Ask books on January end SEP19-SAMPLING IN APRIL. | CH49: =IF(CD49<=0,"0",IF(CD49=1,"1",IF(CD49=2,"2",IF(CD49=3,"3",IF(CD49>=4,"4"))))) -> 4
A50: =ROW()-4 -> 46 | B50: Sri Vignesh Renga trichy | C50: Ms.Lakshmi | D50: 0431-2432914 | E50: rangamatric@gmail.com | F50: srirangam.trichy | G50: Tiruchirappalli | H50: STATE | I50: 1800 | V50: P | AH50: P | AN50: P | AQ50: P | AR50: P | AW50: P | AX50: P | AZ50: P | BC50: P | CD50: =COUNTA(J50:CC50) -> 9 | CE50: FEB28-Think about computer 6to8 FEB18-Know it now 6to8, | CF50: FEB07-REQ JAN13-REQ NOV12-REQ | CG50: APR22-ORDER UNDER PROCESS. APR01-Order is under process MAR29-Order is under process MAR19-Books not finalized FEB28-SPE.C GVN. FEB18-SE.C GVN. FEB07-Samples wanted February end JAN13-WANT SPEC. NOV12-SAMPLING February end | CH50: =IF(CD50<=0,"0",IF(CD50=1,"1",IF(CD50=2,"2",IF(CD50=3,"3",IF(CD50>=4,"4"))))) -> 4
A51: =ROW()-4 -> 47 | B51: ST JAMES MATRIC | C51: Fr.Eugene | D51: 0431-2418168 | E51: stjamesmatricschool@yahoo.com | G51: Tiruchirappalli | H51: STATE | I51: 3700 | M51: P | S51: P | AH51: P | AQ51: P | BR51: P | CD51: =COUNTA(J51:CC51) -> 5 | CF51: JAN10-REQ SEP24-REQ | CG51: JULY11-General visit FEB20-No changes this year JAN10-Samples asked January month end OCT22-VST IN JAN. SEP24-SAMPLING IN MARCH. | CH51: =IF(CD51<=0,"0",IF(CD51=1,"1",IF(CD51=2,"2",IF(CD51=3,"3",IF(CD51>=4,"4"))))) -> 4
A52: =ROW()-4 -> 48 | B52: ST. VINCENT SCHOOL | C52: MR. PHILIPS | G52: Tiruchirappalli | H52: MAT | I52: 1000 | M52: P | P52: P | AK52: P | AL52: P | AN52: P | AO52: P | AQ52: P | AR52: P | AS52: P | BO52: P | BU52: P | CD52: =COUNTA(J52:CC52) -> 11 | CE52: FEB18-Rise and shine kg books FEB13-Candy writing books, mili Tamil handwriting.rise and shine kg books FEB07-Kg books rise and shine. | CF52: JAN27-REQ JAN21-REQ SEP21-REQ | CG52: JULY17-next follow up JUN16-General visit FEB27-Books are finalized FEB21-Order finalized FEB18-SPE.C GVN. FEB13-SPEC. GVN. FEB07-SPEC. GVN. JAN27-Books asked February 1st week JAN21-Samples wanted January end OCT10-VST & MEET BOOK INCHARGE/ SEP21-SAMPLING IN MARCH. | CH52: =IF(CD52<=0,"0",IF(CD52=1,"1",IF(CD52=2,"2",IF(CD52=3,"3",IF(CD52>=4,"4"))))) -> 4
A53: =ROW()-4 -> 49 | B53: ST.ARNOLD METRIC .SCHOOL | C53: Bro.Lawrence Bose | D53: 4312490296 | E53: starnadschool@gmail.com | G53: Tiruchirappalli | H53: STATE | I53: 400 | AB53: P | AH53: P | AK53: P | AN53: P | AQ53: P | AR53: P | AT53: P | AW53: P | AZ53: P | BA53: P | BC53: P | BO53: P | BU53: P | BX53: P | CD53: =COUNTA(J53:CC53) -> 14 | CE53: APR21-Gk 6to8 FEB28-Saras hindi book 1to5 FEB20-Speak and write 1to5, mili Tamil handwriting 1to5 | CF53: FEB07-REQ JAN23-REQ JAN10-REQ DEC05-REQ | CG53: AUG06-General visit JULY16-General visit JUN30-Visit school for follow up APR21-SPEC. GVN. APR15-Order is finalized APR02- Order is finalized MAR29-Order is under process MAR11-Order not finalized FEB28-SPE.C GVN. FEB20-SPEC. GVN. FEB07-SAMPLING February end JAN23-February 2nd week JAN10-Samples asked February DEC05-Books want on February | CH53: =IF(CD53<=0,"0",IF(CD53=1,"1",IF(CD53=2,"2",IF(CD53=3,"3",IF(CD53>=4,"4"))))) -> 4
A54: =ROW()-4 -> 50 | B54: VAGESHA VIDYA SHRAM | G54: Tiruchirappalli | S54: P | Y54: P | CD54: =COUNTA(J54:CC54) -> 2 | CG54: NOV19- Books are seeing OCT29-ORDER F.UP VST. | CH54: =IF(CD54<=0,"0",IF(CD54=1,"1",IF(CD54=2,"2",IF(CD54=3,"3",IF(CD54>=4,"4"))))) -> 2
A55: =ROW()-4 -> 51 | B55: YWCA matric grp | C55: Books incharge | F55: Trichy | G55: Tiruchirappalli | H55: STATE | I55: 1200 | P55: P | S55: P | T55: P | Y55: P | AT55: P | AU55: P | AZ55: P | BA55: P | BB55: P | BI55: P | BU55: P | BX55: P | CD55: =COUNTA(J55:CC55) -> 12 | CE55: MAY16-GK books MAR12-Speak and write 1to8, GK books 1to8, grammar 1to5, MAR04-Drawing Ato5, mili Tamil handwriting 1to5, speak and write 1to8, | CF55: NOV18-REQ | CG55: AUG04-General visit JULY26-General visit MAY16-SPEC GVN. APR15-Order finished APR10-Order finished APR08-Order not finalized MAR12-SPEC. GVN. MAR04-SPE.C GVN. NOV18-February end OCT28-SCHOOL VST. OCT17-SCHOOL VST. OCT15-F.UP VST. | CH55: =IF(CD55<=0,"0",IF(CD55=1,"1",IF(CD55=2,"2",IF(CD55=3,"3",IF(CD55>=4,"4"))))) -> 4
A57: =ROW()-5 -> 52 | B57: Brindavan vidhyalaya | C57: ms.sivakami | D57: 9443502860 | E57: brindavn@yahoo.com | F57: kallailanai road trichy | G57: Tiruchirappalli | H57: ICSE | I57: 525 | S57: P | V57: P | W57: P | Y57: P | Z57: P | AE57: P | AH57: P | AQ57: P | AR57: P | AS57: P | AT57: P | AW57: P | BC57: P | BI57: P | BL57: P | BO57: P | BR57: P | CD57: =COUNTA(J57:CC57) -> 17 | CE57: JUN30-Network of physics, chemistry, biology 9&10 MAR10-Innovative physics chemistry biology 6to8 JAN11-Innovative mathematics 1to8, EVs aura 1 and 2, Hindi 1to8. | CF57: DEC27-REQ NOV29-REQ NOV25-REQ NOV12-REQ | CG57: JULY03-follow up for order JUN30-SPEC. GVN. JUN05-General visit MAY26-General visit APR23-NOT SLECT OUR TITLES MAR19-book be decided at march end MAR10-SPEC. GVN. FEB28-Books not decided after March 2nd week JAN11-SPEC. GVN. DEC27-Samples asked January NOV29-December month NOV25-SAMPLING IN JAN. NOV12-SAMPLING November end NOV08-December month finalizing OCT23-VST IN JAN. | CH57: =IF(CD57<=0,"0",IF(CD57=1,"1",IF(CD57=2,"2",IF(CD57=3,"3",IF(CD57>=4,"4"))))) -> 4
A58: =ROW()-5 -> 53 | B58: Kamakodi Vidhyalaya | C58: ms.venmathi | D58: 9842444117 | E58: kamakotividyalaya@gmail.com | F58: chatram bus stop trichy | G58: Tiruchirappalli | H58: ICSE | I58: 682 | M58: P | S58: P | T58: P | V58: P | Y58: P | Z58: P | AE58: P | AF58: P | AH58: P | AN58: P | AQ58: P | AR58: P | AS58: P | BC58: P | BF58: P | BG58: P | BI58: P | BJ58: P | BK58: PPP | BU58: P | CD58: =COUNTA(J58:CC58) -> 20 | CE58: MAY22-chemistry 9and 10 FEB25-Know it now gk 1to5 FEB10-Innovative social studies 3to5. JAN11-Innovative mathematics 1to8,EVs aura 1&2, | CF58: DEC27-REQ DEC26-REQ NOV29-REQ NOV19-REQ NOV12-REQ SEP25-REQ | CG58: JULY31-General visit MAY30-order F.UP VST. MAY26-DISCUSS BOOK ORDER. MAY22-SPEC. GVN. MAY21-WANTSPEC. MAY20-follow up MAY15-follow up MAY06-DISCUSS teacher training APR30-Asked teacher manual FEB27-Books are finalized FEB25-SPEC. GVN. FEB21- Books finalized Monday FEB18-Books are seeing in process FEB10-SPEC. GVN. JAN11-SPEC. GVN. DEC27-SAMPLING IN JAN END. DEC26-Samples wanted after Pongal NOV29-Books want on January NOV19-Books want on February NOV12-January end OCT29-VST & MEET PRINCIPAL. OCT23-VST IN JAN. SEP25-SAMPLING IN FEB. | CH58: =IF(CD58<=0,"0",IF(CD58=1,"1",IF(CD58=2,"2",IF(CD58=3,"3",IF(CD58>=4,"4"))))) -> 4
A95: =ROW()-4 -> 91 | B95: ANKUR VIDYALAYA | G95: Tiruchirappalli | H95: STATE | P95: P | CD95: =COUNTA(J95:CC95) -> 1 | CF95: OCT15-REQ | CG95: OCT15-SAMPLING IN JAN. | CH95: =IF(CD95<=0,"0",IF(CD95=1,"1",IF(CD95=2,"2",IF(CD95=3,"3",IF(CD95>=4,"4"))))) -> 1
A96: =ROW()-4 -> 92 | B96: CAMPION ANGLO | G96: Tiruchirappalli | H96: STATE | I96: 1500 | M96: P | CD96: =COUNTA(J96:CC96) -> 1 | CF96: SEP24-REQ | CG96: SEP24-SAMPLING IN MARCH. | CH96: =IF(CD96<=0,"0",IF(CD96=1,"1",IF(CD96=2,"2",IF(CD96=3,"3",IF(CD96>=4,"4"))))) -> 1
A97: =ROW()-4 -> 93 | B97: CARE INT SCHOOL | G97: Tiruchirappalli | H97: STATE | P97: P | S97: P | V97: P | CD97: =COUNTA(J97:CC97) -> 3 | CF97: NOV02-REQ | CG97: NOV02-SAMPLING IN DEC. OCT17-VST NOV END. OCT04-VST FOR ORDER. | CH97: =IF(CD97<=0,"0",IF(CD97=1,"1",IF(CD97=2,"2",IF(CD97=3,"3",IF(CD97>=4,"4"))))) -> 3
A98: =ROW()-4 -> 94 | B98: CHINMAYA VIDHYALAYA | C98: BALAJI | G98: Tiruchirappalli | H98: MATRIC | M98: P | AB98: P | AH98: P | CD98: =COUNTA(J98:CC98) -> 3 | CF98: JAN10-REQ SEP25-REQ | CG98: JAN10-February 2nd week wanted DEC12-Books selection after February SEP25-SAMPLING IN MARCH. | CH98: =IF(CD98<=0,"0",IF(CD98=1,"1",IF(CD98=2,"2",IF(CD98=3,"3",IF(CD98>=4,"4"))))) -> 3
A99: =ROW()-4 -> 95 | B99: DR. SAKHUNTHALA | G99: Tiruchirappalli | H99: MAT | I99: 600 | M99: P | P99: P | S99: P | T99: P | CD99: =COUNTA(J99:CC99) -> 4 | CF99: OCT15-REQ SEP25-REQ | CG99: OCT28-SCHOOL VST. OCT24-SCHOOL VST. OCT15-SAMPLING IN FEB. SEP25-SAMPLING IN MARCH. | CH99: =IF(CD99<=0,"0",IF(CD99=1,"1",IF(CD99=2,"2",IF(CD99=3,"3",IF(CD99>=4,"4"))))) -> 4
A100: =ROW()-4 -> 96 | B100: holly cross | C100: Fr.joan petar | D100: 0431-2607125 | E100: hollycrossschool@yahoo.com | F100: somarampettai trichy | G100: Tiruchirappalli | H100: STATE | I100: 2010 | M100: P | CD100: =COUNTA(J100:CC100) -> 1 | CF100: SEP24-REQ | CG100: SEP24-SAMPLING IN FEB. | CH100: =IF(CD100<=0,"0",IF(CD100=1,"1",IF(CD100=2,"2",IF(CD100=3,"3",IF(CD100>=4,"4"))))) -> 1
A101: =ROW()-4 -> 97 | B101: Infant Jesus | C101: Ms.Margrate | D101: 0431-2472313 | E101: infantjesus@gmail.com | F101: edumalaipatti trichy | G101: Tiruchirappalli | H101: STATE | I101: 900 | M101: P | S101: P | CD101: =COUNTA(J101:CC101) -> 2 | CF101: SEP19-REQ | CG101: OCT22-DETAIL COLLECT. SEP19-SAMPLING IN MARCH. | CH101: =IF(CD101<=0,"0",IF(CD101=1,"1",IF(CD101=2,"2",IF(CD101=3,"3",IF(CD101>=4,"4"))))) -> 2
A102: =ROW()-4 -> 98 | B102: ST. JOSPEH ANGLO INDIAN | G102: Tiruchirappalli | H102: MAT | I102: 1200 | M102: P | CD102: =COUNTA(J102:CC102) -> 1 | CF102: SEP23-REQ | CG102: SEP23-SAMPLING IN APRIL. | CH102: =IF(CD102<=0,"0",IF(CD102=1,"1",IF(CD102=2,"2",IF(CD102=3,"3",IF(CD102>=4,"4"))))) -> 1
A103: =ROW()-4 -> 99 | B103: SWAMI VIVEKANANDA | C103: uma maheshwari | E103: Swamivivekanada@gmail.com | G103: Tiruchirappalli | H103: STATE | I103: 1000 | AB103: P | AN103: P | AQ103: P | AW103: P | CD103: =COUNTA(J103:CC103) -> 4 | CE103: FEB20-Speak and write 1to8, know it now 1to8 FEB15-Speak and write 1to8, know it now gk 1to8, hindi books kavya hindi 1to8 | CG103: MAR25-Order is not finalized FEB20-SPE.C GVN. FEB15-SPEC. GVN. DEC07-Books want after pongal | CH103: =IF(CD103<=0,"0",IF(CD103=1,"1",IF(CD103=2,"2",IF(CD103=3,"3",IF(CD103>=4,"4"))))) -> 4
A104: =ROW()-4 -> 100 | B104: VIGNESH RAJA | C104: MR. LAKSHMI | G104: Tiruchirappalli | H104: STATE | I104: 1800 | M104: P | S104: P | CD104: =COUNTA(J104:CC104) -> 2 | CF104: SEP23-REQ | CG104: OCT24-SCHOOL VST. SEP23-SAMPLING IN MARCH. | CH104: =IF(CD104<=0,"0",IF(CD104=1,"1",IF(CD104=2,"2",IF(CD104=3,"3",IF(CD104>=4,"4"))))) -> 2
A105: =ROW()-4 -> 101 | B105: YWCA matric grp | C105: Books incharge | F105: Trichy | G105: Tiruchirappalli | H105: STATE | I105: 1200 | Y105: P | CD105: =COUNTA(J105:CC105) -> 1 | CF105: NOV30-REQ | CG105: NOV30-Books wanted after February | CH105: =IF(CD105<=0,"0",IF(CD105=1,"1",IF(CD105=2,"2",IF(CD105=3,"3",IF(CD105>=4,"4"))))) -> 1
A106: =ROW()-4 -> 102 | B106: YWCA matric grp | C106: nil | E106: nil | F106: Trichy | G106: Tiruchirappalli | H106: STATE | I106: 1200 | M106: P | AN106: P | CD106: =COUNTA(J106:CC106) -> 2 | CF106: FEB15-REQ | CG106: FEB15-Samples asked march 2nd week SEP19-LST FINAL IN APRIL. | CH106: =IF(CD106<=0,"0",IF(CD106=1,"1",IF(CD106=2,"2",IF(CD106=3,"3",IF(CD106>=4,"4"))))) -> 2
A115: =ROW()-3 -> 112 | B115: Cauvery Global | C115: ms.saraswathi | D115: 9487157801 | E115: cauveryintl@gmail.com | F115: ramalingam nagar.trichy cbse | G115: Tiruchirappalli | H115: CBSE | I115: 1050 | M115: P | AH115: P | AT115: P | CD115: =COUNTA(J115:CC115) -> 3 | CF115: SEP18-REQ | CG115: MAR04-Order is under process JAN13-Order finalized SEP18-SAMPLIN IN NOV / DEC. | CH115: =IF(CD115<=0,"0",IF(CD115=1,"1",IF(CD115=2,"2",IF(CD115=3,"3",IF(CD115>=4,"4"))))) -> 3
A116: =ROW()-3 -> 113 | B116: KNMS | G116: Tiruchirappalli | H116: CBSE | P116: P | CD116: =COUNTA(J116:CC116) -> 1 | CF116: OCT05-REQ | CG116: OCT05-SMAPLING IN NOV. | CH116: =IF(CD116<=0,"0",IF(CD116=1,"1",IF(CD116=2,"2",IF(CD116=3,"3",IF(CD116>=4,"4"))))) -> 1
A117: =ROW()-3 -> 114 | B117: MAHATMA GANDHI SCHOOL | G117: Tiruchirappalli | H117: CBSE | I117: 1600 | M117: P | P117: P | Q117: P | R117: P | S117: P | T117: P | AE117: P | AF117: P | AH117: P | AI117: P | CD117: =COUNTA(J117:CC117) -> 10 | CE117: JAN11-Conquer english 1to8, science 1to8, social 1to8, maths 1to8 | CF117: JAN04-REQ DEC24-REQ OCT08-NCERT WORK BOOK OCT01-REQ | CG117: JAN11-SPEC. GVN,. JAN04-SAMPLING AFTER PONGAL. DEC24-January month asked samples OCT29-DETAIL COLLECT. OCT22-VST IN NOV. OCT15-MEET INCHARGE. OCT08-SCHOOL WANT SPEC. OCT01-SAMPLING IN DEC. SEP20-VST AFTER PONGAL. | CH117: =IF(CD117<=0,"0",IF(CD117=1,"1",IF(CD117=2,"2",IF(CD117=3,"3",IF(CD117>=4,"4"))))) -> 4
A118: =ROW()-3 -> 115 | B118: MAHATMA GANDHI SCHOOL | G118: Tiruchirappalli | H118: CBSE | I118: 1200 | M118: P | V118: P | AK118: P | CD118: =COUNTA(J118:CC118) -> 3 | CF118: DEC02-REQ SEP27-REQ | CG118: JAN30-School visit for order status DEC02-SAMPLING DEC END. SEP27-SAMPLING IN JAN. | CH118: =IF(CD118<=0,"0",IF(CD118=1,"1",IF(CD118=2,"2",IF(CD118=3,"3",IF(CD118>=4,"4"))))) -> 3
A119: =ROW()-3 -> 116 | B119: Sacred heart cbse | C119: Sister Sali | D119: 9688194370 | E119: sacredheartcbseschool@gmail,com | F119: Mathur | G119: Tiruchirappalli | H119: CBSE | I119: 1000 | AE119: P | AN119: P | CD119: =COUNTA(J119:CC119) -> 2 | CG119: FEB06-Order finished DEC27-Books not finalized | CH119: =IF(CD119<=0,"0",IF(CD119=1,"1",IF(CD119=2,"2",IF(CD119=3,"3",IF(CD119>=4,"4"))))) -> 2
A120: =ROW()-3 -> 117 | B120: Samadh School | C120: Mrs.Mumtaj | D120: 9942810251 | E120: samadhschool@tri.com | F120: kajamalai.trichy | G120: Tiruchirappalli | H120: CBSE | I120: 1200 | P120: P | Z120: P | AA120: P | AB120: P | CD120: =COUNTA(J120:CC120) -> 4 | CE120: DEC05-Semester books 1to 5 patterns | CF120: DEC02-Semester books NOV23-RE OCT08-REQ | CG120: DEC05-SPEC. GVN. NOV25-Books wanted on December NOV23- December 2nd week OCT08-SAMPLING IN JAN. | CH120: =IF(CD120<=0,"0",IF(CD120=1,"1",IF(CD120=2,"2",IF(CD120=3,"3",IF(CD120>=4,"4"))))) -> 4
A121: =ROW()-3 -> 118 | B121: SARADHA CBSE SCHOOL | G121: Tiruchirappalli | H121: CBSE | I121: 400 | M121: P | CD121: =COUNTA(J121:CC121) -> 1 | CF121: SEP26-REQ | CG121: SEP26-SAMPLING IN JAN. | CH121: =IF(CD121<=0,"0",IF(CD121=1,"1",IF(CD121=2,"2",IF(CD121=3,"3",IF(CD121>=4,"4"))))) -> 1
A122: =ROW()-3 -> 119 | B122: SAS VIDYALAYA | G122: Tiruchirappalli | H122: CBSE | P122: P | CD122: =COUNTA(J122:CC122) -> 1 | CF122: OCT15-REQ | CG122: OCT15-SAMPLING IN DEC END. | CH122: =IF(CD122<=0,"0",IF(CD122=1,"1",IF(CD122=2,"2",IF(CD122=3,"3",IF(CD122>=4,"4"))))) -> 1
A123: =ROW()-3 -> 120 | B123: Sowma Public School | C123: ms.epsiba | D123: 848937685 | E123: sowmapublicschool@gmail.com | F123: viralimalai road.trichy | G123: Tiruchirappalli | H123: CBSE | I123: 625 | M123: P | CD123: =COUNTA(J123:CC123) -> 1 | CF123: SEP23-REQ | CG123: SEP23-SAMPLING IN JAN. | CH123: =IF(CD123<=0,"0",IF(CD123=1,"1",IF(CD123=2,"2",IF(CD123=3,"3",IF(CD123>=4,"4"))))) -> 1
A124: =ROW()-3 -> 121 | B124: sri vageesha vidyashram | C124: Ms.Vijayashree | D124: 9894008886 | E124: vageeshavidyashram@gmail.com | F124: mellur road.trichy | G124: Tiruchirappalli | H124: CBSE | I124: 1500 | M124: P | CD124: =COUNTA(J124:CC124) -> 1 | CG124: SE12-F.UP VST. | CH124: =IF(CD124<=0,"0",IF(CD124=1,"1",IF(CD124=2,"2",IF(CD124=3,"3",IF(CD124>=4,"4"))))) -> 1
A125: =ROW()-3 -> 122 | B125: sri vageesha vidyashram | C125: Sri Devi | F125: mellur road.trichy | G125: Tiruchirappalli | H125: CBSE | I125: 1500 | Y125: P | Z125: P | CD125: =COUNTA(J125:CC125) -> 2 | CG125: NOV28-Books finalize December 2nd week NOV23-Books are seeing | CH125: =IF(CD125<=0,"0",IF(CD125=1,"1",IF(CD125=2,"2",IF(CD125=3,"3",IF(CD125>=4,"4"))))) -> 2
A126: =ROW()-3 -> 123 | B126: ST JAMES ACADEMY | C126: ms.jacklin | D126: 0431 2411545 | G126: Tiruchirappalli | H126: CBSE | I126: 517 | S126: P | CD126: =COUNTA(J126:CC126) -> 1 | CG126: OCT24-DETAIL COLLECT | CH126: =IF(CD126<=0,"0",IF(CD126=1,"1",IF(CD126=2,"2",IF(CD126=3,"3",IF(CD126>=4,"4"))))) -> 1
A127: =ROW()-3 -> 124 | B127: ST JAMES ACADEMY | C127: THOMAS | G127: Tiruchirappalli | H127: CBSE | I127: 1100 | M127: P | CD127: =COUNTA(J127:CC127) -> 1 | CF127: SEP24-REQ | CG127: SEP24-SAMPLING IN JAN. | CH127: =IF(CD127<=0,"0",IF(CD127=1,"1",IF(CD127=2,"2",IF(CD127=3,"3",IF(CD127>=4,"4"))))) -> 1
A128: =ROW()-3 -> 125 | B128: ST. JAMES ACADEMY | G128: Tiruchirappalli | H128: CBSE | I128: 800 | M128: P | CD128: =COUNTA(J128:CC128) -> 1 | CF128: SEP30-REQ | CG128: SEP30-SAMPLING IN JAN. | CH128: =IF(CD128<=0,"0",IF(CD128=1,"1",IF(CD128=2,"2",IF(CD128=3,"3",IF(CD128>=4,"4"))))) -> 1
A129: =ROW()-3 -> 126 | B129: ST. JOSEPH N/P | G129: Tiruchirappalli | H129: CBSE | I129: 450 | M129: P | CD129: =COUNTA(J129:CC129) -> 1 | CF129: SEP27-REQ | CG129: SEP27-SAMPLING IN APRIL. | CH129: =IF(CD129<=0,"0",IF(CD129=1,"1",IF(CD129=2,"2",IF(CD129=3,"3",IF(CD129>=4,"4"))))) -> 1
A130: =ROW()-3 -> 127 | B130: Vignesh public school | C130: Mrs.Kirthika SHANTHI | D130: 9976126343 | E130: srivigneshpublicschool@gmail.com | F130: Woriyur | G130: Tiruchirappalli | H130: CBSE | I130: 900 | P130: P | S130: P | AB130: P | AH130: P | CD130: =COUNTA(J130:CC130) -> 4 | CE130: JAN04-9&10 map book | CF130: DEC10-Gk books and value education | CG130: JAN04-SPEC. GVN. DEC10-WANT SPE.C OCT18-COLLECT THE DETAILS. OCT08-VST AFTER POOJA. | CH130: =IF(CD130<=0,"0",IF(CD130=1,"1",IF(CD130=2,"2",IF(CD130=3,"3",IF(CD130>=4,"4"))))) -> 4
A136: 2 | B136: Amirtha vidyalaya | C136: Sivakumar | F136: Retaivaikal road | G136: Tiruchirappalli | H136: CBSE | I136: 1500 | CD136: =COUNTA(J136:CC136) -> 0 | CH136: =IF(CD136<=0,"0",IF(CD136=1,"1",IF(CD136=2,"2",IF(CD136=3,"3",IF(CD136>=4,"4"))))) -> 0
A137: 3 | B137: Amirtha vidyalaya | C137: Sivakumar | F137: Retaivaikal road | G137: Tiruchirappalli | H137: CBSE | I137: 1500 | CD137: =COUNTA(J137:CC137) -> 0 | CH137: =IF(CD137<=0,"0",IF(CD137=1,"1",IF(CD137=2,"2",IF(CD137=3,"3",IF(CD137>=4,"4"))))) -> 0
A138: 4 | B138: Amirtha vidyalaya | C138: Stephen | F138: Retaivaikal road | G138: Tiruchirappalli | H138: CBSE | I138: 1500 | CD138: =COUNTA(J138:CC138) -> 0 | CH138: =IF(CD138<=0,"0",IF(CD138=1,"1",IF(CD138=2,"2",IF(CD138=3,"3",IF(CD138>=4,"4"))))) -> 0
A139: 5 | B139: Amirtha vidyalaya | C139: Stephen | F139: Retaivaikal road | G139: Tiruchirappalli | H139: CBSE | I139: 1500 | CD139: =COUNTA(J139:CC139) -> 0 | CH139: =IF(CD139<=0,"0",IF(CD139=1,"1",IF(CD139=2,"2",IF(CD139=3,"3",IF(CD139>=4,"4"))))) -> 0
A140: 6 | B140: CARE SCHOOL | C140: Mrs.Gita | D140: 9865256149 | E140: dieschool@gmail.com | G140: Tiruchirappalli | H140: CBSE | I140: 560 | CD140: =COUNTA(J140:CC140) -> 0 | CH140: =IF(CD140<=0,"0",IF(CD140=1,"1",IF(CD140=2,"2",IF(CD140=3,"3",IF(CD140>=4,"4"))))) -> 0
A141: 10 | B141: CARE SCHOOL | C141: Priya | D141: 9566239282 | G141: Tiruchirappalli | H141: CBSE | I141: 560 | CD141: =COUNTA(J141:CC141) -> 0 | CH141: =IF(CD141<=0,"0",IF(CD141=1,"1",IF(CD141=2,"2",IF(CD141=3,"3",IF(CD141>=4,"4"))))) -> 0
A142: 12 | B142: Cauvery Global | C142: Kamatchi | F142: ramalingam nagar.trichy cbse | G142: Tiruchirappalli | H142: CBSE | I142: 1050 | CD142: =COUNTA(J142:CC142) -> 0 | CH142: =IF(CD142<=0,"0",IF(CD142=1,"1",IF(CD142=2,"2",IF(CD142=3,"3",IF(CD142>=4,"4"))))) -> 0
A143: 14 | B143: Cauvery Global | C143: ms.saraswathi | D143: 9487157801 | E143: cauveryintl@gmail.com | F143: ramalingam nagar.trichy cbse | G143: Tiruchirappalli | H143: CBSE | I143: 1050 | CD143: =COUNTA(J143:CC143) -> 0 | CH143: =IF(CD143<=0,"0",IF(CD143=1,"1",IF(CD143=2,"2",IF(CD143=3,"3",IF(CD143>=4,"4"))))) -> 0
A144: 15 | B144: Cauvery Global | C144: ms.saraswathi | D144: 9487157801 | E144: cauveryintl@gmail.com | F144: ramalingam nagar.trichy cbse | G144: Tiruchirappalli | H144: CBSE | I144: 1050 | CD144: =COUNTA(J144:CC144) -> 0 | CH144: =IF(CD144<=0,"0",IF(CD144=1,"1",IF(CD144=2,"2",IF(CD144=3,"3",IF(CD144>=4,"4"))))) -> 0
A145: 17 | B145: KAMALA NIKETHAN | C145: Ms.Malathi | D145: 7373791029 | E145: knmsschool@yahoo.com | G145: Tiruchirappalli | H145: CBSE | I145: 3000 | CD145: =COUNTA(J145:CC145) -> 0 | CH145: =IF(CD145<=0,"0",IF(CD145=1,"1",IF(CD145=2,"2",IF(CD145=3,"3",IF(CD145>=4,"4"))))) -> 0
A146: 30 | B146: Sacred heart cbse | C146: Ms.Kamartha Raj | D146: 0431-233085 | E146: sadikmatic school@gmail.com | F146: Mathur | G146: Tiruchirappalli | H146: CBSE | I146: 1000 | CD146: =COUNTA(J146:CC146) -> 0 | CH146: =IF(CD146<=0,"0",IF(CD146=1,"1",IF(CD146=2,"2",IF(CD146=3,"3",IF(CD146>=4,"4"))))) -> 0
A147: 35 | B147: Santhanam Vidhyalaya | C147: Mrs.padma srinivasan | D147: 9443302526 | E147: santanamvidyalaya@gmail.com | F147: murugan talkies road | G147: Tiruchirappalli | H147: CBSE | I147: 530 | CD147: =COUNTA(J147:CC147) -> 0 | CH147: =IF(CD147<=0,"0",IF(CD147=1,"1",IF(CD147=2,"2",IF(CD147=3,"3",IF(CD147>=4,"4"))))) -> 0
A148: 44 | B148: Sowma Public School | C148: ms.epsiba | D148: 848937685 | E148: sowmapublicschool@gmail.com | F148: viralimalai road.trichy | G148: Tiruchirappalli | H148: CBSE | I148: 625 | CD148: =COUNTA(J148:CC148) -> 0 | CH148: =IF(CD148<=0,"0",IF(CD148=1,"1",IF(CD148=2,"2",IF(CD148=3,"3",IF(CD148>=4,"4"))))) -> 0
A149: 48 | B149: sri vageesha vidyashram | C149: Ms.Vijayashree | D149: 9894008886 | E149: vageeshavidyashram@gmail.com | F149: mellur road.trichy | G149: Tiruchirappalli | H149: CBSE | I149: 1500 | CD149: =COUNTA(J149:CC149) -> 0 | CH149: =IF(CD149<=0,"0",IF(CD149=1,"1",IF(CD149=2,"2",IF(CD149=3,"3",IF(CD149>=4,"4"))))) -> 0
A150: 49 | B150: sri vageesha vidyashram | C150: Ms.Vijayashree | D150: 9894008886 | E150: vageeshavidyashram@gmail.com | F150: mellur road.trichy | G150: Tiruchirappalli | H150: CBSE | I150: 1500 | CD150: =COUNTA(J150:CC150) -> 0 | CH150: =IF(CD150<=0,"0",IF(CD150=1,"1",IF(CD150=2,"2",IF(CD150=3,"3",IF(CD150>=4,"4"))))) -> 0
A151: 64 | B151: arockia matha | C151: Father.Thomas | D151: 0431-2483859 | E151: arockiamata@gmail.com | F151: karumandapam.trichy | G151: Tiruchirappalli | H151: STATE | I151: 1500 | CD151: =COUNTA(J151:CC151) -> 0 | CH151: =IF(CD151<=0,"0",IF(CD151=1,"1",IF(CD151=2,"2",IF(CD151=3,"3",IF(CD151>=4,"4"))))) -> 0
...

Sheet PUDUKKOTTAI
A1: PUDUKKOTTAI
A2: SR. NO. | B2: NAME OF SCHOOL | C2: PRINCIPAL/TEACHER NAME | D2: CONT NO | E2: E. MAIL ID | F2: ADDRESS | G2: STATIONS | H2: BOARD | I2: STR | J2: SEP1ST | M2: SEP 2ND | P2: OCT1ST | S2: OCT 2ND | V2: 37196 | Y2: 37561 | AB2: DEC 1ST | AE2: DEC 2ND | AH2: JAN 1ST | AK2: JAN 2ND | AN2: FEB IST | AQ2: FEB IIND | AT2: MAR 1ST | AW2: MAR 2ND | AZ2: APR 1ST | BC2: APR2ND | BF2: MAY 1ST | BI2: MAY 2ND | BL2: JUN 1ST | BO2: JUN 2ND | BR2: JUL 1ST | BU2: JUL 2ND | BX2: AUG 1ST | CA2: AUG 2ND | CD2: C | CE2: SPECIMEN- GIVEN | CF2: SPECIMEN - REQ. | CG2: VISIT DETIALS & COMMENTS
C3: PH. NO. | J3: I | K3: II | L3: III | M3: I | N3: II | O3: III | P3: I | Q3: II | R3: III | S3: I | T3: II | U3: III | V3: I | W3: II | X3: III | Y3: I | Z3: II | AA3: III | AB3: I | AC3: II | AD3: III | AE3: I | AF3: II | AG3: III | AH3: I | AI3: II | AJ3: III | AK3: I | AL3: II | AM3: III | AN3: I | AO3: II | AP3: III | AQ3: I | AR3: II | AS3: III | AT3: I | AU3: II | AV3: III | AW3: I | AX3: II | AY3: III | AZ3: I | BA3: II | BB3: III | BC3: I | BD3: II | BE3: III | BF3: I | BG3: II | BH3: III | BI3: I | BJ3: II | BK3: III | BL3: I | BM3: II | BN3: III | BO3: I | BP3: II | BQ3: III | BR3: I | BS3: II | BT3: III | BU3: I | BV3: II | BW3: III | BX3: I | BY3: II | BZ3: III | CA3: I | CB3: II | CC3: III
A4: =ROW()-3 -> 1 | B4: MOUNT ZION | F4: Retaivaikal road | G4: PUDUKOTTAI | H4: CBSE | Z4: P | AB4: P | AH4: P | AN4: P | CD4: =COUNTA(J4:CC4) -> 4 | CE4: FEB03-Basic english grammar 1to5 | CF4: NOV-22 REQ NON CARE TITLE | CG4: FEB03-SPEC. GVN. JAN03-DIGITAL CONTENT GVN. DEC04-Discuss our title NOV-22 WANT SAMPLING IN DEC 2ND WEEK | CH4: =IF(CD4<=0,"0",IF(CD4=1,"1",IF(CD4=2,"2",IF(CD4=3,"3",IF(CD4>=4,"4"))))) -> 4
A5: =ROW()-3 -> 2 | B5: Monfort | C5: Arulappan | E5: 1000 | G5: Pudukkottai | H5: CBSE | AH5: P | AQ5: P | CD5: =COUNTA(J5:CC5) -> 2 | CE5: FEB26-Computer IT books 9&10 | CF5: JAN03-REQ | CG5: FEB26-SPEC., GVN. JAN03-SAMPLING AFTER PUNGAL. | CH5: =IF(CD5<=0,"0",IF(CD5=1,"1",IF(CD5=2,"2",IF(CD5=3,"3",IF(CD5>=4,"4"))))) -> 2
A6: =ROW()-3 -> 3 | B6: VAIRAM | G6: PUDUKOTTAI | H6: CBSE | Z6: P | AB6: P | AH6: P | AN6: P | AQ6: P | CD6: =COUNTA(J6:CC6) -> 5 | CE6: FEB26-Speak and write 1to8, know it now gk 1to8 FEB03-Speak and write 1to8, hindi books 1to8 | CF6: DEC04-REQ NOV-22 REQ NON CARE BOOK | CG6: FEB26-SPEC. GVN. FEB03-SPEC GVN JAN03-Asked books for non core books DEC04-SAMPLING DEC 2ND WEEK. NOV-22 WANT SAMPLING | CH6: =IF(CD6<=0,"0",IF(CD6=1,"1",IF(CD6=2,"2",IF(CD6=3,"3",IF(CD6>=4,"4"))))) -> 4
A7: =ROW()-3 -> 4 | B7: Karpaga vinayaga | C7: BANU | E7: 1050 | G7: Pudukkottai | H7: STATE | I7: 1050 | AK7: P | AN7: P | AQ7: P | CD7: =COUNTA(J7:CC7) -> 3 | CE7: FEB26-Gk books 1to8, computer 1to8 FEB03-Speak and write 1to8 JAN23-Speak and write 1to8, grammar 1to8 | CG7: FEB26-SPEC GVN. FEB03-SPEC. GVN. JAN23-SPEC. GVN | CH7: =IF(CD7<=0,"0",IF(CD7=1,"1",IF(CD7=2,"2",IF(CD7=3,"3",IF(CD7>=4,"4"))))) -> 3
A8: =ROW()-3 -> 5 | B8: Mrm | E8: 700 | G8: Pudukkottai | H8: CBSE | AH8: P | AK8: P | AN8: P | AQ8: P | CD8: =COUNTA(J8:CC8) -> 4 | CE8: FEB26-Hindi books 1to8 FEB03-Know it now 1to8. JAN23-Speak and write 1to8, computer books 1to8. | CF8: JAN03-REQ | CG8: FEB26-SPEC. GVN FEB03-SPEC. GVN. JAN23-SPEC. GVN. JAN03-SAMPLING JAN 2ND WEEK. | CH8: =IF(CD8<=0,"0",IF(CD8=1,"1",IF(CD8=2,"2",IF(CD8=3,"3",IF(CD8>=4,"4"))))) -> 4
A9: =ROW()-3 -> 6 | B9: Muvendar school | C9: Ganeshan | E9: 1500 | G9: Pudukkottai | H9: CBSE | AB9: P | AN9: P | AU9: P | CD9: =COUNTA(J9:CC9) -> 3 | CE9: MAR14-Ace appittude 1to5, mili Tamil handwriting 1to5, value education 6to8, FEB03-Speak and write 1to8, | CF9: DEC04-REQ | CG9: MAR14-SPEC. GVN. FEB03-SPEC. GVN. DEC04-SAMPLING IN JAN. | CH9: =IF(CD9<=0,"0",IF(CD9=1,"1",IF(CD9=2,"2",IF(CD9=3,"3",IF(CD9>=4,"4"))))) -> 3
A38: =ROW()-3 -> 35 | B38: DELHI PUBLIC SCHOOL | G38: PUDUKOTTAI | H38: CBSE | Z38: P | CD38: =COUNTA(J38:CC38) -> 1 | CF38: NOV-22 REQ | CG38: NOV-22 WANT SAMLING IN JAN 2ND WEEK | CH38: =IF(CD38<=0,"0",IF(CD38=1,"1",IF(CD38=2,"2",IF(CD38=3,"3",IF(CD38>=4,"4"))))) -> 1
A39: =ROW()-3 -> 36 | B39: ST. VINCENT ICSE | G39: PUDUKOTTAI | H39: CBSE | Z39: P | CD39: =COUNTA(J39:CC39) -> 1 | CF39: NOV-22 REQ | CG39: NOV-22 WANT SAMPLING IN FEB | CH39: =IF(CD39<=0,"0",IF(CD39=1,"1",IF(CD39=2,"2",IF(CD39=3,"3",IF(CD39>=4,"4"))))) -> 1
A40: =ROW()-3 -> 37 | B40: CARMEL RANI CBSE | G40: PUDUKOTTAI | H40: CBSE | Z40: P | CD40: =COUNTA(J40:CC40) -> 1 | CF40: NOV-22 REQ | CG40: NOV-22 WANT SAMPLING IN JAN | CH40: =IF(CD40<=0,"0",IF(CD40=1,"1",IF(CD40=2,"2",IF(CD40=3,"3",IF(CD40>=4,"4"))))) -> 1

Sheet KUMBAKONAM
A1: THUNJAVUR, KUMBAKONNAM
A2: SR. NO. | B2: NAME OF SCHOOL | C2: PRINCIPAL/TEACHER NAME | D2: CONT NO | E2: E. MAIL ID | F2: ADDRESS | G2: STATIONS | H2: BOARD | I2: STR | J2: SEP1ST | M2: SEP 2ND | P2: JAN 1ST | S2: JAN 2ND | V2: 37196 | Y2: 37561 | AB2: DEC 1ST | AE2: DEC 2ND | AH2: JAN 1ST | AK2: JAN 2ND | AN2: FEB IST | AQ2: FEB IIND | AT2: MAR 1ST | AW2: MAR 2ND | AZ2: APR 1ST | BC2: APR2ND | BF2: MAY 1ST | BI2: MAY 2ND | BL2: JUN 1ST | BO2: JUN 2ND | BR2: JUL 1ST | BU2: JUL 2ND | BX2: AUG 1ST | CA2: AUG 2ND | CD2: C | CE2: SPECIMEN- GIVEN | CF2: SPECIMEN - REQ. | CG2: VISIT DETIALS & COMMENTS
C3: PH. NO. | J3: I | K3: II | L3: III | M3: I | N3: II | O3: III | P3: I | Q3: II | R3: III | S3: I | T3: II | U3: III | V3: I | W3: II | X3: III | Y3: I | Z3: II | AA3: III | AB3: I | AC3: II | AD3: III | AE3: I | AF3: II | AG3: III | AH3: I | AI3: II | AJ3: III | AK3: I | AL3: II | AM3: III | AN3: I | AO3: II | AP3: III | AQ3: I | AR3: II | AS3: III | AT3: I | AU3: II | AV3: III | AW3: I | AX3: II | AY3: III | AZ3: I | BA3: II | BB3: III | BC3: I | BD3: II | BE3: III | BF3: I | BG3: II | BH3: III | BI3: I | BJ3: II | BK3: III | BL3: I | BM3: II | BN3: III | BO3: I | BP3: II | BQ3: III | BR3: I | BS3: II | BT3: III | BU3: I | BV3: II | BW3: III | BX3: I | BY3: II | BZ3: III | CA3: I | CB3: II | CC3: III
A4: =ROW()-3 -> 1 | B4: Karthi vidyalaya | C4: Ambikapathi | E4: 700 | G4: Kumbakonam | H4: CBSE | P4: P | AT4: P | AW4: P | AZ4: P | CD4: =COUNTA(J4:CC4) -> 4 | CE4: JAN09-Hindi books 1to8, aura EVs , innovative mathematics 6to8 | CG4: APR03-Order is finalized MAR20-Order is under process MAR13-Order is under process JAN09-SPEC. GVN. | CH4: =IF(CD4<=0,"0",IF(CD4=1,"1",IF(CD4=2,"2",IF(CD4=3,"3",IF(CD4>=4,"4"))))) -> 4
A5: =ROW()-3 -> 2 | B5: NATIONAL VIDYALAYA | C5: Ms Eswari jayaraman | E5: 250 | G5: Kumbakonam | H5: CBSE | I5: 250 | AW5: P | AZ5: P | BO5: P | CD5: =COUNTA(J5:CC5) -> 3 | CE5: MAR24-Assignment 1to5 | CG5: JUN24-General visit APR03-Order is finalized MAR24-SPEC. GVN. | CH5: =IF(CD5<=0,"0",IF(CD5=1,"1",IF(CD5=2,"2",IF(CD5=3,"3",IF(CD5>=4,"4"))))) -> 3
A7: =ROW()-4 -> 3 | B7: CHRIST KING | C7: Mrs.Devi.M | D7: 4352422795 | G7: Kumbakonam | H7: STATE | I7: 2000 | P7: P | AT7: P | AW7: P | AZ7: P | CD7: =COUNTA(J7:CC7) -> 4 | CE7: APR03-Speak and write 1to8 MAR20-Speak and write 1to5 MAR13-Speak and write 1to8, Ace appittude 1to5. | CF7: JAN09-REQ | CG7: APR03-SPEC. GVN. MAR20-SPEC. GVN. MAR13-SPEC. GVN. JAN09-SAMPLING AFTER PONGAL. | CH7: =IF(CD7<=0,"0",IF(CD7=1,"1",IF(CD7=2,"2",IF(CD7=3,"3",IF(CD7>=4,"4"))))) -> 4
A8: =ROW()-4 -> 4 | B8: LITTLE SCHOLARS MATRIC SCHOOL | C8: Mr Nandha sikamani | E8: 800 | G8: Thanjavur | H8: STATE | AT8: P | CD8: =COUNTA(J8:CC8) -> 1 | CE8: MAR14-Know it now gk 6to8, speak and write 1to8. | CG8: MAR14-SPEC. GVN. | CH8: =IF(CD8<=0,"0",IF(CD8=1,"1",IF(CD8=2,"2",IF(CD8=3,"3",IF(CD8>=4,"4"))))) -> 1
A9: =ROW()-4 -> 5 | B9: Minerva | C9: Mehanathan | E9: 950 | G9: Kumbakonam | H9: STATE | AW9: P | BL9: P | BO9: P | CD9: =COUNTA(J9:CC9) -> 3 | CE9: MAR24-Skill mental maths 1to5 , mili Tamil handwriting 1to5, know it now gk 1to5 | CG9: JUN24-Meet principal for follow up JUN09-collect the payment MAR24-SPEC. GVN. | CH9: =IF(CD9<=0,"0",IF(CD9=1,"1",IF(CD9=2,"2",IF(CD9=3,"3",IF(CD9>=4,"4"))))) -> 3
A10: =ROW()-4 -> 6 | B10: Sri matha Matric school | C10: Srimati | E10: 1000 | G10: Thanjavur | H10: STATE | P10: P | AZ10: P | CD10: =COUNTA(J10:CC10) -> 2 | CG10: APR03- known about order status JAN09-Ask after Pongal. | CH10: =IF(CD10<=0,"0",IF(CD10=1,"1",IF(CD10=2,"2",IF(CD10=3,"3",IF(CD10>=4,"4"))))) -> 2
A11: =ROW()-4 -> 7 | B11: ST ANNES MATRICULATION HR SEC SHOOL | C11: Ms Sara | D11: 0435-2411221 | E11: stannesschoolkm@gmail.com | G11: Kumbakonam | H11: STATE | I11: 2000 | P11: P | AT11: P | AW11: P | AZ11: P | CD11: =COUNTA(J11:CC11) -> 4 | CE11: MAR20-Tamil handwriting 1to5, speak and write 1to8, know it now gk 1to8, MAR13-Rise and shine term book 1to5, speak and write 1to5 | CG11: APR03-Order is under process MAR20-SPEC. GVN. MAR13-SPEC. GVN. JAN09-Order not finalized | CH11: =IF(CD11<=0,"0",IF(CD11=1,"1",IF(CD11=2,"2",IF(CD11=3,"3",IF(CD11>=4,"4"))))) -> 4
A12: =ROW()-4 -> 8 | B12: St.antonys matric | C12: Radha Krishnan | E12: 800 | G12: Kumbakonam | H12: STATE | I12: 800 | P12: P | AT12: P | BL12: P | CD12: =COUNTA(J12:CC12) -> 3 | CE12: JAN09-Grammar 1to8, gk 1to8, speak and write 1to8 | CG12: JUN09-General visit MAR13-School visit and collect details JAN09-SPEC. GVN. | CH12: =IF(CD12<=0,"0",IF(CD12=1,"1",IF(CD12=2,"2",IF(CD12=3,"3",IF(CD12>=4,"4"))))) -> 3
A58: =ROW()-3 -> 55 | B58: RADIANT INTERNATIONAL SCHOOL | C58: Pri.Vasanth | D58: CBSE | E58: 700 | G58: Thanjavur | H58: CBSE | I58: 700 | BO58: P | CD58: =COUNTA(J58:CC58) -> 1 | CG58: JUN17-General visit | CH58: =IF(CD58<=0,"0",IF(CD58=1,"1",IF(CD58=2,"2",IF(CD58=3,"3",IF(CD58>=4,"4"))))) -> 1
A59: =ROW()-4 -> 55 | B59: Cs matric | C59: Vasanthi | D59: STATE | E59: 1320 | G59: Thanjavur | H59: STATE | I59: 1320 | BL59: P | CD59: =COUNTA(J59:CC59) -> 1 | CG59: JUN17- next year follow up | CH59: =IF(CD59<=0,"0",IF(CD59=1,"1",IF(CD59=2,"2",IF(CD59=3,"3",IF(CD59>=4,"4"))))) -> 1
A60: =ROW()-4 -> 56 | B60: AL MUBEEN MATRIC SCHOOL | C60: Ms Saroja | D60: STATE | E60: 700 | G60: Thanjavur | H60: STATE | I60: 700 | BO60: P | CD60: =COUNTA(J60:CC60) -> 1 | CG60: JUN24-follow up | CH60: =IF(CD60<=0,"0",IF(CD60=1,"1",IF(CD60=2,"2",IF(CD60=3,"3",IF(CD60>=4,"4"))))) -> 1
A61: =ROW()-4 -> 57 | B61: LITTLE ROSE MATRIC SCHOOL | C61: Karthik | D61: STATE | E61: 1400 | G61: Thanjavur | H61: STATE | I61: 1400 | BO61: P | CD61: =COUNTA(J61:CC61) -> 1 | CG61: JUN24-General visit | CH61: =IF(CD61<=0,"0",IF(CD61=1,"1",IF(CD61=2,"2",IF(CD61=3,"3",IF(CD61>=4,"4"))))) -> 1
A62: =ROW()-4 -> 58 | B62: Maxwell | C62: Dinesh Kumar | E62: 1200 | G62: Thanjavur | H62: STATE | I62: 1200 | AT62: P | CD62: =COUNTA(J62:CC62) -> 1 | CG62: MAR14-Order is under process | CH62: =IF(CD62<=0,"0",IF(CD62=1,"1",IF(CD62=2,"2",IF(CD62=3,"3",IF(CD62>=4,"4"))))) -> 1
A63: =ROW()-4 -> 59 | B63: RAJ VIDYALAYA | C63: Ms Hemalatha | E63: 2000 | G63: Kumbakonam | H63: STATE | I63: 2000 | AT63: P | CD63: =COUNTA(J63:CC63) -> 1 | CE63: MAR13-Know it now gk 1to8, speak and write 1to8, mili Tamil handwriting 1to5 | CG63: MAR13-SPEC. GVN. | CH63: =IF(CD63<=0,"0",IF(CD63=1,"1",IF(CD63=2,"2",IF(CD63=3,"3",IF(CD63>=4,"4"))))) -> 1

Sheet KARAIKAL 
A1: KARAIKAL
A2: SR. NO. | B2: NAME OF SCHOOL | C2: PRINCIPAL/TEACHER NAME | D2: CONT NO | E2: E. MAIL ID | F2: ADDRESS | G2: STATIONS | H2: BOARD | I2: STR | J2: SEP1ST | M2: SEP 2ND | P2: FEB 1ST | S2: FEB 2ND | V2: MAR 1ST | Y2: MAR 2ND | AB2: APR 1ST | AE2: APR 2ND | AH2: C | AI2: SPECIMEN- GIVEN | AJ2: SPECIMEN - REQ. | AK2: VISIT DETIALS & COMMENTS
C3: PH. NO. | J3: I | K3: II | L3: III | M3: I | N3: II | O3: III | P3: I | Q3: II | R3: III | S3: I | T3: II | U3: III | V3: I | W3: II | X3: III | Y3: I | Z3: II | AA3: III | AB3: I | AC3: II | AD3: III | AE3: I | AF3: II | AG3: III
A4: =ROW()-3 -> 1 | B4: SHARMILA GODDESS SM MATRIC SCHOOL | C4: Pandiyarajan | E4: 900 | G4: Karaikal | H4: STATE | I4: 900 | P4: P | V4: P | Y4: P | AE4: P | AH4: =COUNTA(J4:AG4) -> 4 | AI4: MAR13-Rise and shine term book 1to5 FEB12-Hindi books saras 1to8, grammar 1to8, inside out gk 1to8 | AK4: APR18-Order is under process MAR21-Order not finalized under the process MAR13-SPEC. GVN. FEB12-SPEC. GVN. | AL4: =IF(AH4<=0,"0",IF(AH4=1,"1",IF(AH4=2,"2",IF(AH4=3,"3",IF(AH4>=4,"4"))))) -> 4
A5: =ROW()-3 -> 2 | B5: NIVEDHA MATRIC HR SEC SCHOOL | C5: Ms Pushpa | D5: 9600098987 | E5: nivedhamhsspor@yahoo.co.in | G5: Karaikal | H5: STATE | I5: 750 | P5: P | Y5: P | AE5: P | AH5: =COUNTA(J5:AG5) -> 3 | AI5: FEB12-Rise and shine term book 1to5,mili Tamil handwriting 1to5, cursive writing A to 5 | AK5: APR18-Order is not finalized MAR21-Order is under process not finalized FEB12-SPEC. GVN. | AL5: =IF(AH5<=0,"0",IF(AH5=1,"1",IF(AH5=2,"2",IF(AH5=3,"3",IF(AH5>=4,"4"))))) -> 3

Sheet SUMMARY
B1: DVR (SUMMARY)
B2: EXECUTIVE NAME | D2: UPDATED | X2: 45880
B3: MR. SHANMUGA SUNDARAM JOINING - 16/09/24 | D3: 45878 | F3: SOFTWARE
B5: SR. NO. | C5: STATIONS | D5: BOARD | E5: NO. OF SCHOOL'S | F5: SCHOOLS COVERED | G5: SPEC. GVN | H5: I.P. SCHOOL | I5: NO. OF SCHOOL'S VISITED | W5: SINGLE VISIT | X5: DOUBLE VISIT | Y5: TRIPLE VISIT | Z5: FOUR + VISIT | AA5: NON VISIT
I6: SEP | J6: OCT | K6: NOV | L6: DEC | M6: JAN | N6: FEB | O6: MAR | P6: APR | Q6: MAY | R6: JUN | S6: JUL | T6: AUG
B7: 1 | C7: ARIYALUR | D7: CBSE | E7: =COUNTA(ARIYALUR!A4:A7) -> 4 | F7: =SUM(W7:Z7) -> 4 | G7: =COUNTA(ARIYALUR!BS4:BS7) -> 4 | L7: =COUNTA(ARIYALUR!P4:U7) -> 1 | M7: =COUNTA(ARIYALUR!V4:AA7) -> 6 | W7: =COUNTIF(ARIYALUR!$BV$4:$BV$7,1) -> 1 | X7: =COUNTIF(ARIYALUR!$BV$4:$BV$7,2) -> 3 | Y7: =COUNTIF(ARIYALUR!$BV$4:$BV$7,3) -> 0 | Z7: =COUNTIF(ARIYALUR!$BV$4:$BV$7,4) -> 0 | AA7: =COUNTIF(ARIYALUR!$BV$4:$BV$7,0) -> 0
D8: STATE | E8: =COUNTA(ARIYALUR!A9) -> 1 | F8: =SUM(W8:Z8) -> 1 | G8: =COUNTA(ARIYALUR!BS9) -> 0 | L8: =COUNTA(ARIYALUR!P9:U9) -> 1 | W8: =COUNTIF(ARIYALUR!$BV$9,1) -> 1 | X8: =COUNTIF(ARIYALUR!$BV$9,2) -> 0 | Y8: =COUNTIF(ARIYALUR!$BV$9,3) -> 0 | Z8: =COUNTIF(ARIYALUR!$BV$9,4) -> 0 | AA8: =COUNTIF(ARIYALUR!$BV$9,0) -> 0
B9: 2 | C9: DINDIGUL | D9: CBSE | E9: =COUNTA(DINDIGUL!A4:A6) -> 3 | F9: =SUM(W9:Z9) -> 3 | G9: =COUNTA(DINDIGUL!CE4:CE6) -> 3 | J9: =COUNTA(DINDIGUL!P4:U6) -> 4 | K9: =COUNTA(DINDIGUL!V4:AA6) -> 5 | M9: =COUNTA(DINDIGUL!AH4:AM6) -> 6 | N9: =COUNTA(DINDIGUL!AN4:AS6) -> 3 | W9: =COUNTIF(DINDIGUL!$CH$4:$CH$6,1) -> 0 | X9: =COUNTIF(DINDIGUL!$CH$4:$CH$6,2) -> 0 | Y9: =COUNTIF(DINDIGUL!$CH$4:$CH$6,3) -> 0 | Z9: =COUNTIF(DINDIGUL!$CH$4:$CH$6,4) -> 3 | AA9: =COUNTIF(DINDIGUL!$CH$4:$CH$6,0) -> 0
D10: STATE | E10: =COUNTA(DINDIGUL!A8) -> 1 | F10: =SUM(W10:Z10) -> 1 | G10: =COUNTA(DINDIGUL!CE8) -> 0 | J10: =COUNTA(DINDIGUL!P8:U8) -> 2 | K10: =COUNTA(DINDIGUL!V8:AA8) -> 1 | M10: =COUNTA(DINDIGUL!AH8:AM8) -> 1 | W10: =COUNTIF(DINDIGUL!$CH$8,1) -> 0 | X10: =COUNTIF(DINDIGUL!$CH$8,2) -> 0 | Y10: =COUNTIF(DINDIGUL!$CH$8,3) -> 0 | Z10: =COUNTIF(DINDIGUL!$CH$8,4) -> 1 | AA10: =COUNTIF(DINDIGUL!$CH$8,0) -> 0
B11: 3 | C11: KARUR | D11: CBSE | E11: =COUNTA(KARUR!A4:A10) -> 7 | F11: =SUM(W11:Z11) -> 7 | G11: =COUNTA(KARUR!CE4:CE10) -> 6 | H11: 1 | I11: =COUNTA(KARUR!J4:O10) -> 3 | J11: =COUNTA(KARUR!P4:U10) -> 7 | K11: =COUNTA(KARUR!V4:AA10) -> 7 | L11: =COUNTA(KARUR!AB4:AG10) -> 12 | M11: =COUNTA(KARUR!AH4:AM10) -> 6 | N11: =COUNTA(KARUR!AN4:AS10) -> 5 | O11: =COUNTA(KARUR!AT4:AY10) -> 8 | P11: =COUNTA(KARUR!AZ4:BE10) -> 7 | Q11: =COUNTA(KARUR!BF4:BK10) -> 5 | R11: =COUNTA(KARUR!BL4:BQ10) -> 5 | S11: =COUNTA(KARUR!BR4:BW10) -> 11 | T11: =COUNTA(KARUR!BX4:CC10) -> 2 | W11: =COUNTIF(KARUR!$CH$4:$CH$10,1) -> 0 | X11: =COUNTIF(KARUR!$CH$4:$CH$10,2) -> 0 | Y11: =COUNTIF(KARUR!$CH$4:$CH$10,3) -> 0 | Z11: =COUNTIF(KARUR!$CH$4:$CH$10,4) -> 7 | AA11: =COUNTIF(KARUR!$CH$4:$CH$10,0) -> 0
D12: STATE | E12: =COUNTA(KARUR!A12:A17) -> 6 | F12: =SUM(W12:Z12) -> 6 | G12: =COUNTA(KARUR!CE12:CE17) -> 4 | H12: 1 | I12: =COUNTA(KARUR!J12:O17) -> 0 | J12: =COUNTA(KARUR!P12:U17) -> 3 | K12: =COUNTA(KARUR!V12:AA17) -> 7 | L12: =COUNTA(KARUR!AB12:AG17) -> 2 | M12: =COUNTA(KARUR!AH12:AM17) -> 3 | N12: =COUNTA(KARUR!AN12:AS17) -> 6 | O12: =COUNTA(KARUR!AT12:AY17) -> 4 | P12: =COUNTA(KARUR!AZ12:BE17) -> 3 | Q12: =COUNTA(KARUR!BF12:BK17) -> 6 | R12: =COUNTA(KARUR!BL12:BQ17) -> 3 | S12: =COUNTA(KARUR!BR12:BW17) -> 2 | T12: =COUNTA(KARUR!BX12:CC17) -> 3 | W12: =COUNTIF(KARUR!$CH$12:$CH$17,1) -> 0 | X12: =COUNTIF(KARUR!$CH$12:$CH$17,2) -> 1 | Y12: =COUNTIF(KARUR!$CH$12:$CH$17,3) -> 0 | Z12: =COUNTIF(KARUR!$CH$12:$CH$17,4) -> 5 | AA12: =COUNTIF(KARUR!$CH$12:$CH$17,0) -> 0
B13: 4 | C13: MAYILADUTHURAI | D13: CBSE | E13: =COUNTA(MAYILADUTHURAI!A4:A5) -> 2 | F13: =SUM(W13:Z13) -> 2 | G13: =COUNTA(MAYILADUTHURAI!CE4:CE5) -> 1 | L13: =COUNTA(MAYILADUTHURAI!AB4:AG5) -> 2 | O13: =COUNTA(MAYILADUTHURAI!AT4:AY5) -> 1 | W13: =COUNTIF(MAYILADUTHURAI!$CH$4:$CH$5,1) -> 1 | X13: =COUNTIF(MAYILADUTHURAI!$CH$4:$CH$5,2) -> 1 | Y13: =COUNTIF(MAYILADUTHURAI!$CH$4:$CH$5,3) -> 0 | Z13: =COUNTIF(MAYILADUTHURAI!$CH$4:$CH$5,4) -> 0 | AA13: =COUNTIF(MAYILADUTHURAI!$CH$4:$CH$5,0) -> 0
D14: STATE | E14: =COUNTA(MAYILADUTHURAI!A7:A9) -> 3 | F14: =SUM(W14:Z14) -> 3 | G14: =COUNTA(MAYILADUTHURAI!CE7:CE9) -> 3 | L14: =COUNTA(MAYILADUTHURAI!AB7:AG9) -> 3 | O14: =COUNTA(MAYILADUTHURAI!AT7:AY9) -> 2 | W14: =COUNTIF(MAYILADUTHURAI!$CH$7:$CH$9,1) -> 1 | X14: =COUNTIF(MAYILADUTHURAI!$CH$7:$CH$9,2) -> 2 | Y14: =COUNTIF(MAYILADUTHURAI!$CH$7:$CH$9,3) -> 0 | Z14: =COUNTIF(MAYILADUTHURAI!$CH$7:$CH$9,4) -> 0 | AA14: =COUNTIF(MAYILADUTHURAI!$CH$7:$CH$9,0) -> 0
B15: 5 | C15: NAGAPATTINUM | D15: CBSE | E15: =COUNTA(NAGAPATTINUM!A4:A6) -> 3 | F15: =SUM(W15:Z15) -> 3 | G15: =COUNTA(NAGAPATTINUM!CE4:CE6) -> 3 | N15: =COUNTA(NAGAPATTINUM!AN4:AS6) -> 3 | P15: =COUNTA(NAGAPATTINUM!AZ4:BE6) -> 3 | W15: =COUNTIF(NAGAPATTINUM!$CH$4:$CH$6,1) -> 0 | X15: =COUNTIF(NAGAPATTINUM!$CH$4:$CH$6,2) -> 3 | Y15: =COUNTIF(NAGAPATTINUM!$CH$4:$CH$6,3) -> 0 | Z15: =COUNTIF(NAGAPATTINUM!$CH$4:$CH$6,4) -> 0 | AA15: =COUNTIF(NAGAPATTINUM!$CH$4:$CH$6,0) -> 0
B16: 6 | C16: THANJUR | D16: CBSE | E16: =COUNTA(THANJUR!A4:A9) -> 6 | F16: =SUM(W16:Z16) -> 6 | G16: =COUNTA(THANJUR!CE4:CE9) -> 2 | H16: 2 | J16: =COUNTA(THANJUR!P4:U9) -> 5 | K16: =COUNTA(THANJUR!V4:AA9) -> 4 | N16: =COUNTA(THANJUR!AN4:AS9) -> 4 | O16: =COUNTA(THANJUR!AT4:AY9) -> 3 | P16: =COUNTA(THANJUR!AZ4:BE9) -> 1 | S16: =COUNTA(THANJUR!BR4:BW9) -> 4 | W16: =COUNTIF(THANJUR!$CH$4:$CH$9,1) -> 1 | X16: =COUNTIF(THANJUR!$CH$4:$CH$9,2) -> 1 | Y16: =COUNTIF(THANJUR!$CH$4:$CH$9,3) -> 1 | Z16: =COUNTIF(THANJUR!$CH$4:$CH$9,4) -> 3 | AA16: =COUNTIF(THANJUR!$CH$4:$CH$9,0) -> 0
D17: STATE | E17: =COUNTA(THANJUR!A11:A19) -> 9 | F17: =SUM(W17:Z17) -> 9 | G17: =COUNTA(THANJUR!CE11:CE19) -> 7 | J17: =COUNTA(THANJUR!P11:U19) -> 4 | K17: =COUNTA(THANJUR!V11:AA19) -> 6 | N17: =COUNTA(THANJUR!AN11:AS19) -> 4 | O17: =COUNTA(THANJUR!AT11:AY19) -> 9 | P17: =COUNTA(THANJUR!AZ11:BE19) -> 5 | S17: =COUNTA(THANJUR!BR11:BW19) -> 4 | W17: =COUNTIF(THANJUR!$CH$11:$CH$19,1) -> 1 | X17: =COUNTIF(THANJUR!$CH$11:$CH$19,2) -> 3 | Y17: =COUNTIF(THANJUR!$CH$11:$CH$19,3) -> 1 | Z17: =COUNTIF(THANJUR!$CH$11:$CH$19,4) -> 4 | AA17: =COUNTIF(THANJUR!$CH$11:$CH$19,0) -> 0
B18: 7 | C18: TIRUCHIRAPPALLI / TRICHY | D18: CBSE | E18: =COUNTA(TIRUCHIRAPPALLI!A4:A25) -> 22 | F18: =SUM(W18:Z18) -> 22 | G18: =COUNTA(TIRUCHIRAPPALLI!CE4:CE25) -> 22 | H18: 5 | I18: =COUNTA(TIRUCHIRAPPALLI!J4:O25) -> 14 | J18: =COUNTA(TIRUCHIRAPPALLI!P4:U25) -> 26 | K18: =COUNTA(TIRUCHIRAPPALLI!V4:AA25) -> 27 | L18: =COUNTA(TIRUCHIRAPPALLI!AB4:AG25) -> 48 | M18: =COUNTA(TIRUCHIRAPPALLI!AH4:AM25) -> 24 | N18: =COUNTA(TIRUCHIRAPPALLI!AN4:AS25) -> 14 | O18: =COUNTA(TIRUCHIRAPPALLI!AT4:AY25) -> 9 | P18: =COUNTA(TIRUCHIRAPPALLI!AZ4:BE25) -> 17 | Q18: =COUNTA(TIRUCHIRAPPALLI!BF4:BK25) -> 37 | R18: =COUNTA(TIRUCHIRAPPALLI!BL4:BQ25) -> 34 | S18: =COUNTA(TIRUCHIRAPPALLI!BR4:BW25) -> 31 | T18: =COUNTA(TIRUCHIRAPPALLI!BX4:CC25) -> 8 | W18: =COUNTIF(TIRUCHIRAPPALLI!$CH$4:$CH$25,1) -> 0 | X18: =COUNTIF(TIRUCHIRAPPALLI!$CH$4:$CH$25,2) -> 0 | Y18: =COUNTIF(TIRUCHIRAPPALLI!$CH$4:$CH$25,3) -> 0 | Z18: =COUNTIF(TIRUCHIRAPPALLI!$CH$4:$CH$25,4) -> 22 | AA18: =COUNTIF(TIRUCHIRAPPALLI!$CH$4:$CH$25,0) -> 0
D19: STATE | E19: =COUNTA(TIRUCHIRAPPALLI!A27:A55) -> 29 | F19: =SUM(W19:Z19) -> 29 | G19: =COUNTA(TIRUCHIRAPPALLI!CE27:CE55) -> 25 | H19: 4 | I19: =COUNTA(TIRUCHIRAPPALLI!J27:O55) -> 12 | J19: =COUNTA(TIRUCHIRAPPALLI!P27:U55) -> 22 | K19: =COUNTA(TIRUCHIRAPPALLI!V27:AA55) -> 12 | L19: =COUNTA(TIRUCHIRAPPALLI!AB27:AG55) -> 10 | M19: =COUNTA(TIRUCHIRAPPALLI!AH27:AM55) -> 33 | N19: =COUNTA(TIRUCHIRAPPALLI!AN27:AS55) -> 42 | O19: =COUNTA(TIRUCHIRAPPALLI!AT27:AY55) -> 46 | P19: =COUNTA(TIRUCHIRAPPALLI!AZ27:BE55) -> 43 | Q19: =COUNTA(TIRUCHIRAPPALLI!BF27:BK55) -> 17 | R19: =COUNTA(TIRUCHIRAPPALLI!BL27:BQ55) -> 17 | S19: =COUNTA(TIRUCHIRAPPALLI!BR27:BW55) -> 31 | T19: =COUNTA(TIRUCHIRAPPALLI!BX27:CC55) -> 11 | W19: =COUNTIF(TIRUCHIRAPPALLI!$CH$27:$CH$55,1) -> 1 | X19: =COUNTIF(TIRUCHIRAPPALLI!$CH$27:$CH$55,2) -> 2 | Y19: =COUNTIF(TIRUCHIRAPPALLI!$CH$27:$CH$55,3) -> 0 | Z19: =COUNTIF(TIRUCHIRAPPALLI!$CH$27:$CH$55,4) -> 26 | AA19: =COUNTIF(TIRUCHIRAPPALLI!$CH$27:$CH$55,0) -> 0
D20: ICSE | E20: =COUNTA(TIRUCHIRAPPALLI!A57:A58) -> 2 | F20: =SUM(W20:Z20) -> 2 | G20: =COUNTA(TIRUCHIRAPPALLI!CE57:CE58) -> 2 | H20: 1 | I20: =COUNTA(TIRUCHIRAPPALLI!J57:O58) -> 1 | J20: =COUNTA(TIRUCHIRAPPALLI!P57:U58) -> 3 | K20: =COUNTA(TIRUCHIRAPPALLI!V57:AA58) -> 7 | L20: =COUNTA(TIRUCHIRAPPALLI!AB57:AG58) -> 3 | M20: =COUNTA(TIRUCHIRAPPALLI!AH57:AM58) -> 2 | N20: =COUNTA(TIRUCHIRAPPALLI!AN57:AS58) -> 7 | O20: =COUNTA(TIRUCHIRAPPALLI!AT57:AY58) -> 2 | P20: =COUNTA(TIRUCHIRAPPALLI!AZ57:BE58) -> 2 | Q20: =COUNTA(TIRUCHIRAPPALLI!BF57:BK58) -> 6 | R20: =COUNTA(TIRUCHIRAPPALLI!BL57:BQ58) -> 2 | S20: =COUNTA(TIRUCHIRAPPALLI!BR57:BW58) -> 2 | T20: =COUNTA(TIRUCHIRAPPALLI!BX57:CC58) -> 0 | W20: =COUNTIF(TIRUCHIRAPPALLI!$CH$57:$CH$58,1) -> 0 | X20: =COUNTIF(TIRUCHIRAPPALLI!$CH$57:$CH$58,2) -> 0 | Y20: =COUNTIF(TIRUCHIRAPPALLI!$CH$57:$CH$58,3) -> 0 | Z20: =COUNTIF(TIRUCHIRAPPALLI!$CH$57:$CH$58,4) -> 2 | AA20: =COUNTIF(TIRUCHIRAPPALLI!$CH$57:$CH$58,0) -> 0
B21: 8 | C21: PUDUKOTTAI | D21: CBSE | E21: =COUNTA(PUDUKKOTTAI!A4:A9) -> 6 | F21: =SUM(W21:Z21) -> 6 | G21: =COUNTA(PUDUKKOTTAI!CE4:CE9) -> 6 | H21: 1 | K21: =COUNTA(PUDUKKOTTAI!V4:AA9) -> 2 | L21: =COUNTA(PUDUKKOTTAI!AB4:AG9) -> 3 | M21: =COUNTA(PUDUKKOTTAI!AH4:AM9) -> 6 | N21: =COUNTA(PUDUKKOTTAI!AN4:AS9) -> 9 | O21: =COUNTA(PUDUKKOTTAI!AT4:AY9) -> 1 | W21: =COUNTIF(PUDUKKOTTAI!$CH$4:$CH$9,1) -> 0 | X21: =COUNTIF(PUDUKKOTTAI!$CH$4:$CH$9,2) -> 1 | Y21: =COUNTIF(PUDUKKOTTAI!$CH$4:$CH$9,3) -> 2 | Z21: =COUNTIF(PUDUKKOTTAI!$CH$4:$CH$9,4) -> 3 | AA21: =COUNTIF(PUDUKKOTTAI!$CH$4:$CH$9,0) -> 0
B22: 9 | C22: THUNJAVUR , KUMBAKONAM NEW | D22: CBSE | E22: =COUNTA(KUMBAKONAM!A4:A5) -> 2 | F22: =SUM(W22:Z22) -> 2 | G22: =COUNTA(KUMBAKONAM!CE4:CE5) -> 2 | M22: =COUNTA(KUMBAKONAM!P4:U5) -> 1 | O22: =COUNTA(KUMBAKONAM!AT4:AY5) -> 3 | P22: =COUNTA(KUMBAKONAM!AZ4:BE5) -> 2 | R22: =COUNTA(KUMBAKONAM!BL4:BQ5) -> 1 | W22: =COUNTIF(KUMBAKONAM!$CH$4:$CH$5,1) -> 0 | X22: =COUNTIF(KUMBAKONAM!$CH$4:$CH$5,2) -> 0 | Y22: =COUNTIF(KUMBAKONAM!$CH$4:$CH$5,3) -> 1 | Z22: =COUNTIF(KUMBAKONAM!$CH$4:$CH$5,4) -> 1 | AA22: =COUNTIF(KUMBAKONAM!$CH$4:$CH$5,0) -> 0
D23: STATE | E23: =COUNTA(KUMBAKONAM!A7:A12) -> 6 | F23: =SUM(W23:Z23) -> 6 | G23: =COUNTA(KUMBAKONAM!CE7:CE12) -> 5 | H23: 2 | M23: =COUNTA(KUMBAKONAM!P7:U12) -> 4 | O23: =COUNTA(KUMBAKONAM!AT7:AY12) -> 7 | P23: =COUNTA(KUMBAKONAM!AZ7:BE12) -> 3 | R23: =COUNTA(KUMBAKONAM!BL7:BQ12) -> 3 | W23: =COUNTIF(KUMBAKONAM!$CH$7:$CH$12,1) -> 1 | X23: =COUNTIF(KUMBAKONAM!$CH$7:$CH$12,2) -> 1 | Y23: =COUNTIF(KUMBAKONAM!$CH$7:$CH$12,3) -> 2 | Z23: =COUNTIF(KUMBAKONAM!$CH$7:$CH$12,4) -> 2 | AA23: =COUNTIF(KUMBAKONAM!$CH$7:$CH$12,0) -> 0
B24: 10 | C24: KARAIKAL NEW | D24: STATE | E24: =COUNTA('KARAIKAL '!A4:A5) -> 2 | F24: =SUM(W24:Z24) -> 2 | G24: =COUNTA('KARAIKAL '!AI4:AI5) -> 2 | N24: =COUNTA('KARAIKAL '!P4:U5) -> 2 | O24: =COUNTA('KARAIKAL '!V4:AA5) -> 3 | P24: =COUNTA('KARAIKAL '!AB4:AG5) -> 2 | W24: =COUNTIF('KARAIKAL '!$AL$4:$AL$5,1) -> 0 | X24: =COUNTIF('KARAIKAL '!$AL$4:$AL$5,2) -> 0 | Y24: =COUNTIF('KARAIKAL '!$AL$4:$AL$5,3) -> 1 | Z24: =COUNTIF('KARAIKAL '!$AL$4:$AL$5,4) -> 1 | AA24: =COUNTIF('KARAIKAL '!$AL$4:$AL$5,0) -> 0
B25: 11 | C25: NOT IN DVR | H25: 12
B26: TOTAL | E26: =SUM(E7:E25) -> 114 | F26: =SUM(F7:F25) -> 114 | G26: =SUM(G7:G25) -> 97 | H26: =SUM(H7:H25) -> 29 | I26: =SUM(I7:I25) -> 30 | J26: =SUM(J7:J25) -> 76 | K26: =SUM(K7:K25) -> 78 | L26: =SUM(L7:L25) -> 85 | ... T26: =SUM(T7:T25) -> 24 | W26: =SUM(W7:W25) -> 8 | X26: =SUM(X7:X25) -> 18 | Y26: =SUM(Y7:Y25) -> 8 | Z26: =SUM(Z7:Z25) -> 80 | AA26: =SUM(AA7:AA25) -> 0
B27: WORKSHOP VST WITH MRS. SARITA
B28: SRNO | C28: STATIONS | D28: BOARD | E28: LIST | F28: SCHOOL'S COVERD | I28: NO OF SCHOOL'S VISITED | W28: SINGLE VIST | X28: DOUBLE VST | Y28: TRIPLE VST | Z28: 3+ VST | AA28: NON VSTED
I29: SEP | J29: OCT | K29: NOV | L29: DEC | M29: JAN | N29: FEB | O29: MAR | P29: APR | Q29: MAY | R29: JUN | S29: JUL | T29: AUG
B30: 1 | C30: TIRUCHIRAPPALLI , TRICHY | D30: CBSE | E30: =COUNTA([1]WORKSHOP!A2) -> 1 | F30: =SUM(W30) -> #VALUE! | Q30: =COUNTA(WORKSHOP!BF4:BK4) -> 1 | W30: =COUNTIF([1]WORKSHOP!$S$4,1) -> #VALUE!
B31: TOTAL | E31: =SUM(E30:E30) -> 1 | F31: =SUM(F30:F30) -> #VALUE! | Q31: =SUM(Q30) -> 1 | W31: =SUM(W30:W30) -> #VALUE!

Sheet Q. BANK 
A1: MR. SHANMUGA SUNDARAM Q. BANK VST 24-25
A2: S. NO. | B2: NAME OF SCHOOL / BOOK SELLERS | C2: SUBJECT | D2: TEACHER NAME | E2: CONTACT NO. | F2: EMAIL ID | G2: ADDRESS | H2: BOARD | I2: STR. | J2: JUN 1ST | M2: JUN 2ND | P2: JUL 1ST | S2: JUL 2ND | V2: BIO. | W2: CHEM. | X2: COMP. | Y2: ENG. LAN. | Z2: ENG. LIT. | AA2: GEO. | AB2: HIN. | AC2: HIS. & CIV. | AD2: MATH | AE2: PHY. | AF2: SPECIMEN GIVEN | AG2: REQ. | AH2: DATE OF VISIT & COMMENTS | AI2: REMARKS
J3: I | K3: II | L3: III | M3: I | N3: II | O3: III | P3: I | Q3: II | R3: III | S3: I | T3: II | U3: III
A5: 1 | B5: Brindavan vidhyalaya | C5: PHY, MATH, CHEM, BIO | D5: ms.sivakami (PRINCIPAL) | E5: OFFICE NO 9842284325 | G5: Tiruchirappalli | H5: ICSE | I5: 525 | M5: P | N5: P | P5: P | V5: 1 | W5: 1 | AD5: 1 | AE5: 1 | AF5: PHY, MATH, CHEM, BIO | AH5: AUG01-Q. BANK GVN. JULY07-General visit JUN27-Q. BANK GVN JUN19-DISCUSS ABUT REQ Q. BANK. JUN16-Q. BANK GVN.
C6: BIO | D6: Santhanalakshmi Book incharge | E6: OFFICE NO 9842284325 | V6: 1 | AF6: BIO
C7: BIO, CHEM, MATH , PHY | M7: P | AF7: BIO, CHEM, MATH , PHY
A8: 2 | B8: CHRIST INT. SCHOOL | C8: JUN17-REQ | D8: Pri.Vijayalakshmi PRINCIPAL | E8: 7373744880 | G8: Thanjavur | H8: CBSE | I8: 700 | M8: P | AF8: JUN17-REQ | AH8: JUN17-Bring icse question bank
C9: ENGLISH LANGUAGE | D9: ADMINISTRATION OFFICER | E9: 7373722522 | P9: P | Y9: 1 | AF9: ENGLISH LANGUAGE | AH9: JULY01-Q. BANK GVN.
A10: 3 | B10: Kamakodi Vidhyalaya | C10: PHY, CHEM, MATH , BIO | D10: ms.venmathi (PRINCIPAL) | E10: 9842444117 | G10: Tiruchirappalli | H10: ICSE | I10: 682 | P10: P | V10: 1 | W10: 1 | AD10: 1 | AE10: 1 | AF10: PHY, CHEM, MATH , BIO | AH10: JULY03-Q. BANK GVN. JUN19-DISCUSS ABUT Q. BANK.
C11: BIO, MATH , PHY, CHEM | M11: P | V11: 1 | W11: 1 | AD11: 1 | AE11: 1 | AF11: PHY, CHEM, MATH , BIO | AH11: JUN30-Q. BANK GVN.
A12: 4 | B12: Karthi vidyalaya | C12: F.UP | D12: Ambikapathi | G12: Kumbakonam | H12: CBSE | I12: 700 | M12: P | AF12: F.UP | AH12: JUN24-DISCUSS ABUT Q. BANK F.UP
A13: 5 | B13: Vijayalakshmi vidyalaya | C13: ENGLISH LANGUAGE, GEOGRAPHY | D13: Prakasham Principal | E13: 9442256055 | G13: Kagithapuram | H13: ICSE | I13: 1000 | P13: P | Y13: 1 | AA13: 1 | AF13: ENGLISH LANGUAGE, GEOGRAPHY | AH13: JULY02-Q. BANK GVN.
A14: 6
A15: 7
A16: 8
A17: 9
A18: 10
A19: 11
A20: 12
A21: 13
V22: =V5:AE5 -> 1 | W22: =W5:AF5 -> 1 | X22: =X5:AG5 -> 0 | Y22: =Y5:AH5 -> 0 | Z22: =Z5:AI5 -> 0 | AA22: =AA5:AJ5 -> 0 | AB22: =AB5:AK5 -> 0 | AC22: =AC5:AL5 -> 0 | ... AE22: =AE5:AN5 -> 1
V25: 12 | W25: 12 | X25: 10 | Y25: 9 | Z25: 7 | AA25: 10 | AB25: 0 | AC25: 10 | AD25: 12 | AE25: 12 | AF25: MANI SIR
V36: =SUM(#REF!) -> #REF! | W36: =SUM(#REF!) -> #REF! | X36: =SUM(#REF!) -> #REF! | Y36: =SUM(#REF!) -> #REF! | Z36: =SUM(#REF!) -> #REF! | AA36: =SUM(#REF!) -> #REF! | AB36: =SUM(#REF!) -> #REF! | AC36: =SUM(#REF!) -> #REF! | ... AE36: =SUM(#REF!) -> #REF!

Sheet WORKSHOP
A1: STATE NAME
A2: SR. NO. | B2: NAME OF SCHOOL | C2: PRINCIPAL/TEACHER NAME | D2: CONT NO | E2: E. MAIL ID | F2: ADDRESS | G2: STATIONS | H2: BOARD | I2: STR | J2: SEP1ST | M2: SEP 2ND | P2: OCT1ST | S2: OCT 2ND | V2: 37196 | Y2: 37561 | AB2: DEC 1ST | AE2: DEC 2ND | AH2: JAN 1ST | AK2: JAN 2ND | AN2: FEB IST | AQ2: FEB IIND | AT2: MAR 1ST | AW2: MAR 2ND | AZ2: APR 1ST | BC2: APR2ND | BF2: MAY 1ST | BI2: MAY 2ND | BL2: JUN 1ST | BO2: JUN 2ND | BR2: JUL 1ST | BU2: JUL 2ND | BX2: AUG 1ST | CA2: AUG 2ND | CD2: C | CE2: SPECIMEN- GIVEN | CF2: SPECIMEN - REQ. | CG2: VISIT DETIALS & COMMENTS
C3: PH. NO. | J3: I | K3: II | L3: III | M3: I | N3: II | O3: III | P3: I | Q3: II | R3: III | S3: I | T3: II | U3: III | V3: I | W3: II | X3: III | Y3: I | Z3: II | AA3: III | AB3: I | AC3: II | AD3: III | AE3: I | AF3: II | AG3: III | AH3: I | AI3: II | AJ3: III | AK3: I | AL3: II | AM3: III | AN3: I | AO3: II | AP3: III | AQ3: I | AR3: II | AS3: III | AT3: I | AU3: II | AV3: III | AW3: I | AX3: II | AY3: III | AZ3: I | BA3: II | BB3: III | BC3: I | BD3: II | BE3: III | BF3: I | BG3: II | BH3: III | BI3: I | BJ3: II | BK3: III | BL3: I | BM3: II | BN3: III | BO3: I | BP3: II | BQ3: III | BR3: I | BS3: II | BT3: III | BU3: I | BV3: II | BW3: III | BX3: I | BY3: II | BZ3: III | CA3: I | CB3: II | CC3: III
A4: =ROW()-3 -> 1 | B4: MAHATMA GANDHI SCHOOL | C4: MRS. PODNA | H4: CBSE | I4: 200 | BI4: P | CD4: =COUNTA(J4:CC4) -> 1 | CG4: MAY29-Work Shop DONE WITH MRS. SARITA | CH4: =IF(CD4<=0,"0",IF(CD4=1,"1",IF(CD4=2,"2",IF(CD4=3,"3",IF(CD4>=4,"4"))))) -> 1 | CI4: WORKSHOP

Sheet I.P. SUMMARY 
A1: MR. SHANMUGA SUNDARAM (I.P. REPORT SUMMARY) 2024-25
A2: SR NO . | B2: STATIONS COVERED | C2: BOARD | D2: TOTAL NO. OF SCHOOL'S | E2: BOOKS PRESCRIBED NO. OF SCHOOL'S | F2: NOT IN DVR | G2: %
A3: 1 | B3: ARIYALUR | C3: CBSE | D3: 4 | G3: =E3/D3 -> 0
C4: STATE | D4: 1 | G4: =E4/D4 -> 0
A5: 2 | B5: DINDIGUL | C5: CBSE | D5: 3 | G5: =E5/D5 -> 0
C6: STATE | D6: 1 | G6: =E6/D6 -> 0
A7: 3 | B7: KARUR | C7: CBSE | D7: 7 | E7: 1 | F7: 1 | G7: =E7/D7 -> 0.14285714
C8: STATE | D8: 6 | E8: 1 | G8: =E8/D8 -> 0.16666667
A9: 4 | B9: MAYILADUTHURAI | C9: CBSE | D9: 2 | F9: 1 | G9: =E9/D9 -> 0
C10: STATE | D10: 3 | G10: =E10/D10 -> 0
A11: 5 | B11: NAGAPATTINUM | C11: CBSE | D11: 3 | G11: =E11/D11 -> 0
A12: 6 | B12: THANJUR | C12: CBSE | D12: 6 | E12: 2 | G12: =E12/D12 -> 0.33333333
C13: STATE | D13: 9 | F13: 1 | G13: =E13/D13 -> 0
A14: 7 | B14: TIRUCHIRAPPALLI / TRICHY | C14: CBSE | D14: 22 | E14: 5 | F14: 1 | G14: =E14/D14 -> 0.22727273
C15: STATE | D15: 29 | E15: 4 | F15: 4 | G15: =E15/D15 -> 0.13793103
C16: ICSE | D16: 2 | E16: 1 | G16: =E16/D16 -> 0.5
A17: 8 | B17: PUDUKOTTAI | C17: CBSE | D17: 6 | E17: 1 | F17: 1 | G17: =E17/D17 -> 0.16666667
A18: 9 | B18: THUNJAVUR , KUMBAKONAM NEW | C18: CBSE | D18: 2 | F18: 1 | G18: =E18/D18 -> 0
C19: STATE | D19: 6 | E19: 2 | G19: =E19/D19 -> 0.33333333
A20: 10 | B20: KARAIKAL NEW | C20: STATE | D20: 2 | G20: =E20/D20 -> 0
A21: 11 | B21: NOT IN DVR | F21: 2
A22: Total :-- | D22: =SUM(D3:D21) -> 114 | E22: =SUM(E3:E21) -> 17 | F22: =SUM(F3:F21) -> 12 | G22: =E22/D22 -> 0.14912281
A23: SUPPLY BY BOOK SELLER IN 12 SCHOOL'S
A24: 1 | B24: ALMAA NURSERY (TRICHY BOOK HOUSE) | F24: 1
A25: 2 | B25: CHELLA NURSERY (TRICHY BOOK HOUSE) | F25: 1
A26: 3 | B26: GANATHIN VASAL SCHOOL (TRICHY BOOK HOUSE) | F26: 1
A27: 4 | B27: IDEAL (TRICHY BOOK HOUSE) | F27: 1
A28: 5 | B28: KRISHNA SCHOOL (TRICHY BOOK HOUSE) | F28: 1
A29: 6 | B29: ORACALE (TRICHY BOOK HOUSE) | F29: 1
A30: 7 | B30: SANDIPANI VIDYASHRAM (TRICHY BOOK HOUSE) | F30: 1
A31: 8 | B31: SOUTH SPRING (TRICHY BOOK HOUSE) | F31: 1
A32: 9 | B32: TRICHY PUB. SCHOOL (TRICHY BOOK HOUSE) | F32: 1
A33: 10 | B33: TRINITY ACADEMY (TRICHY BOOK HOUSE) | F33: 1
A34: 11 | B34: TRIPLE I KIDS (TRICHY BOOK HOUSE) | F34: 1
A35: 12 | B35: UNIVERSAL PUBLIC CHERAN (TRICHY BOOK HOUSE) | F35: 1
A36: Total :-- | D36: =D22 -> 114 | E36: =E22 -> 17 | F36: =F22 -> 12 | G36: =E36/D36 -> 0.14912281

Sheet SHORT I.P. 
A1: MR. SHANMUGA SUNDARAM (SHORT I.P. REPORT SUMMARY) 2024-25
A2: SRNO. | B2: STATIONS COVERED | C2: TOTAL NO. OF SCHOOLS | D2: BOOKS PRESCRIBED NO. OF SCHOOL'S | E2: NOT IN DVR | F2: %
A3: 1 | B3: ARIYALUR | C3: 5 | F3: =D3/C3 -> 0
A4: 2 | B4: DINDIGUL | C4: 4 | F4: =D4/C4 -> 0
A5: 3 | B5: KARUR | C5: 13 | D5: 2 | E5: 1 | F5: =D5/C5 -> 0.15384615
A6: 4 | B6: MAYILADUTHURAI | C6: 5 | E6: 1 | F6: =D6/C6 -> 0
A7: 5 | B7: NAGAPATTINUM | C7: 3 | F7: =D7/C7 -> 0
A8: 6 | B8: THANJUR | C8: 15 | D8: 2 | E8: 1 | F8: =D8/C8 -> 0.13333333
A9: 7 | B9: TIRUCHIRAPPALLI / TRICHY | C9: 53 | D9: 10 | E9: 5 | F9: =D9/C9 -> 0.18867925
A10: 8 | B10: PUDUKOTTAI | C10: 6 | D10: 1 | E10: 1 | F10: =D10/C10 -> 0.16666667
A11: 9 | B11: THUNJAVUR , KUMBAKONAM | C11: 8 | D11: 2 | E11: 1 | F11: =D11/C11 -> 0.25
A12: 10 | B12: KARAIKAL | C12: 2 | F12: =D12/C12 -> 0
A13: 11 | B13: NOT IN DVR | E13: 2
A14: TOTAL :- | C14: =SUM(C3:C13) -> 114 | D14: =SUM(D3:D13) -> 17 | E14: =SUM(E3:E13) -> 12 | F14: =SUM(D14/C14) -> 0.14912281

Sheet COIMBATORE
A1: COIMBATORE, (SIRUMUGAI ,METTUPALAYAM,KANYAMUTHUR,SARAVANAMPATTI,THUDIYALUR,ONDIPUDUR )
A2: SR. NO. | B2: NAME OF SCHOOL | C2: E. MAIL ID. | D2: PRINCIPAL/TEACHER NAME | E2: CONT NO | F2: ADDRESS | G2: BOARD | H2: STR | I2: SEP 1ST | L2: SEP 2ND | O2: OCT 1ST | R2: OCT 2ND | U2: NOV 1ST | X2: NOV 2ND | AA2: DEC 1ST | AD2: DEC 2ND | AG2: JAN 1ST | AJ2: JAN 2ND | AM2: FEB 1ST | AP2: FEB 2ND | AS2: MAR 1ST | AV2: MAR 2ND | AY2: APR 1ST | BB2: APR 2ND | BE2: MAY 1ST | BH2: MAY 2ND | BK2: JUN 1ST | BN2: JUN 2ND | BQ2: JUL 1ST | BT2: JUL 2ND | BW2: AUG 1ST | BZ2: AUG 2ND | CC2: C | CD2: SPECIMEN- GIVEN | CE2: SPECIMEN - REQ. | CF2: VISIT DETIALS & COMMENTS | CH2: REMARKS VIA CALL & MAIL
I3: I | J3: II | K3: III | L3: I | M3: II | N3: III | O3: I | P3: II | Q3: III | R3: I | S3: II | T3: III | U3: I | V3: II | W3: III | X3: I | Y3: II | Z3: III | AA3: I | AB3: II | AC3: III | AD3: I | AE3: II | AF3: III | AG3: I | AH3: II | AI3: III | AJ3: I | AK3: II | AL3: III | AM3: I | AN3: II | AO3: III | AP3: I | AQ3: II | AR3: III | AS3: I | AT3: II | AU3: III | AV3: I | AW3: II | AX3: III | AY3: I | AZ3: II | BA3: III | BB3: I | BC3: II | BD3: III | BE3: I | BF3: II | BG3: III | BH3: I | BI3: II | BJ3: III | BK3: I | BL3: II | BM3: III | BN3: I | BO3: II | BP3: III | BQ3: I | BR3: II | BS3: III | BT3: I | BU3: II | BV3: III | BW3: I | BX3: II | BY3: III | BZ3: I | CA3: II | CB3: III
A4: 1 | B4: CRR M.H.S SCHOOL | C4: cbec-crrmhss.yahoo.co.in | D4: MRS.JAYASANTHA | E4: 0422-2607029 | F4: ONDIPUDUR COIMBATORE | G4: MATRIC | H4: 1000 | CC4: =COUNTA(I4:CB4) -> 0 | CG4: =IF(CC4<=0,"0",IF(CC4=1,"1",IF(CC4=2,"2",IF(CC4=3,"3",IF(CC4>=4,"4"))))) -> 0
A5: 2 | B5: BHARATHI MHS SCHOOL | D5: MRS.PERIYANAYAKI | E5: 0422-442187 | F5: VENKATAPURAM COIMBATORE | G5: MATRIC | H5: 3000 | CC5: =COUNTA(I5:CB5) -> 0 | CG5: =IF(CC5<=0,"0",IF(CC5=1,"1",IF(CC5=2,"2",IF(CC5=3,"3",IF(CC5>=4,"4"))))) -> 0
A6: 3 | B6: HINDUSTAN M.H.S. SCHOOL | D6: MRS.SHANBAGAVALLI | E6: 9944757057 | F6: COIMBATORE | G6: MATRIC | H6: 1200 | CC6: =COUNTA(I6:CB6) -> 0 | CG6: =IF(CC6<=0,"0",IF(CC6=1,"1",IF(CC6=2,"2",IF(CC6=3,"3",IF(CC6>=4,"4"))))) -> 0
A7: 4 | B7: K.NAGAR, G.NAGAR M.H.S SCHOOL | D7: MRS.VASANTHI | E7: 0422-2312992 | F7: PULIYANKULAM COIMBATORE | G7: MATRIC | H7: 800 | CC7: =COUNTA(I7:CB7) -> 0 | CG7: =IF(CC7<=0,"0",IF(CC7=1,"1",IF(CC7=2,"2",IF(CC7=3,"3",IF(CC7>=4,"4"))))) -> 0
A8: 5 | B8: KONGU VELLALAR GROUP OF SCHOOL | C8: kvmhsschool@gmail.com | D8: MRS.VASANTHI | E8: 8903433103 | F8: KARUMATHAM PATTI COIMBATORE | G8: MATRIC | H8: 3300 | CC8: =COUNTA(I8:CB8) -> 0 | CG8: =IF(CC8<=0,"0",IF(CC8=1,"1",IF(CC8=2,"2",IF(CC8=3,"3",IF(CC8>=4,"4"))))) -> 0
A9: 6 | B9: KPM MHS SCHOOL | D9: MR.KARUANEETHI | E9: 0422-672064 | F9: COIMBATORE | G9: MATRIC | H9: 1300 | CC9: =COUNTA(I9:CB9) -> 0 | CG9: =IF(CC9<=0,"0",IF(CC9=1,"1",IF(CC9=2,"2",IF(CC9=3,"3",IF(CC9>=4,"4"))))) -> 0
A10: 7 | B10: KARAMADAI RANGANATHAR MHS SCHOOL | D10: MRS.ANUGAYATHRI | E10: 9636123309 | F10: KARAMADAI COIMBATORE | G10: MATRIC | H10: 1400 | CC10: =COUNTA(I10:CB10) -> 0 | CG10: =IF(CC10<=0,"0",IF(CC10=1,"1",IF(CC10=2,"2",IF(CC10=3,"3",IF(CC10>=4,"4"))))) -> 0
A11: 8 | B11: NATIONAL MODEL MHS SCHOOL | C11: principalmatric@nationalmodel.co.in | D11: MRS.BABY | E11: 04222-2575318 | F11: PEELAMEDU COIMBATORE | G11: MATRIC | H11: 3000 | CC11: =COUNTA(I11:CB11) -> 0 | CG11: =IF(CC11<=0,"0",IF(CC11=1,"1",IF(CC11=2,"2",IF(CC11=3,"3",IF(CC11>=4,"4"))))) -> 0
A12: 9 | B12: RAGAVENDRA M.H.S SCHOOL | D12: MRS.SIVAKAMA SUNDARI | E12: 0422-2423478 | F12: VADAVALLI COIMBATORE | G12: MATRIC | H12: 700 | CC12: =COUNTA(I12:CB12) -> 0 | CG12: =IF(CC12<=0,"0",IF(CC12=1,"1",IF(CC12=2,"2",IF(CC12=3,"3",IF(CC12>=4,"4"))))) -> 0
A13: 10 | B13: RUBY MHS SCHOOL | D13: MRS.KARPAGAJOTHI | E13: 04222-666164 | F13: COIMBATORE | G13: MATRIC | H13: 1300 | CC13: =COUNTA(I13:CB13) -> 0 | CG13: =IF(CC13<=0,"0",IF(CC13=1,"1",IF(CC13=2,"2",IF(CC13=3,"3",IF(CC13>=4,"4"))))) -> 0
A14: 11 | B14: SRI SOWDESWARI VIDYALAYA M.H.S.SCHOOL | D14: MRS.ANURADHA | E14: 0422-2340090 | F14: SELVAPURAM COIMBATORE | G14: MATRIC | H14: 2000 | CC14: =COUNTA(I14:CB14) -> 0 | CG14: =IF(CC14<=0,"0",IF(CC14=1,"1",IF(CC14=2,"2",IF(CC14=3,"3",IF(CC14>=4,"4"))))) -> 0
A15: 12 | B15: SRI. KRISHNA MHS SCHOOL | D15: MRS.K.V BHANUMATHI | E15: 9363210549 | F15: KAVUNDAM PALYAM COIMBATORE | G15: MATRIC | H15: 1500 | CC15: =COUNTA(I15:CB15) -> 0 | CG15: =IF(CC15<=0,"0",IF(CC15=1,"1",IF(CC15=2,"2",IF(CC15=3,"3",IF(CC15>=4,"4"))))) -> 0
A16: 13 | B16: VASAVI VIDYALAYA M.H.S SCHOOL | C16: vasavi vidya@vsnl.net | D16: MRS.VIJAYALAK SHIMI | E16: 0422-2341287 | F16: TELUGU PALAYAM PRIVU COIMBATORE | G16: MATRIC | H16: 1500 | CC16: =COUNTA(I16:CB16) -> 0 | CG16: =IF(CC16<=0,"0",IF(CC16=1,"1",IF(CC16=2,"2",IF(CC16=3,"3",IF(CC16>=4,"4"))))) -> 0
A17: 14 | B17: VIAN VEENAI MHS SCHOOL | D17: MR. RASHIK | E17: 9791504768 | F17: COIMBATORE | G17: MATRIC | H17: 650 | CC17: =COUNTA(I17:CB17) -> 0 | CG17: =IF(CC17<=0,"0",IF(CC17=1,"1",IF(CC17=2,"2",IF(CC17=3,"3",IF(CC17>=4,"4"))))) -> 0
A19: 15 | B19: VIJAYA LUXMI MHS SCHOOL | D19: MRS.NANDHINI | E19: 04252-255366 | F19: SIRUMUGAI | G19: MATRIC | H19: 900 | CC19: =COUNTA(I19:CB19) -> 0 | CG19: =IF(CC19<=0,"0",IF(CC19=1,"1",IF(CC19=2,"2",IF(CC19=3,"3",IF(CC19>=4,"4"))))) -> 0
A21: 16 | B21: NATIONAL MHS SCHOOL | D21: MRS.GEETHA | E21: 04222-257554 | F21: METTUPALAYAM | G21: MATRIC | H21: 1200 | CC21: =COUNTA(I21:CB21) -> 0 | CG21: =IF(CC21<=0,"0",IF(CC21=1,"1",IF(CC21=2,"2",IF(CC21=3,"3",IF(CC21>=4,"4"))))) -> 0
A23: 17 | B23: RKV SR. SEC. SCHOOL | D23: MRS.ASHMI | E23: 04222-252878 | F23: KANYAMUTHUR | G23: MATRIC | H23: 900 | CC23: =COUNTA(I23:CB23) -> 0 | CG23: =IF(CC23<=0,"0",IF(CC23=1,"1",IF(CC23=2,"2",IF(CC23=3,"3",IF(CC23>=4,"4"))))) -> 0
A25: 18 | B25: RUBY M.H.S. SCHOOL | D25: MRS.KARPAGAJOTHI | E25: 0422-2666164 | F25: SARAVANAMPATTI | G25: MATRIC | H25: 750 | CC25: =COUNTA(I25:CB25) -> 0 | CG25: =IF(CC25<=0,"0",IF(CC25=1,"1",IF(CC25=2,"2",IF(CC25=3,"3",IF(CC25>=4,"4"))))) -> 0
A27: 19 | B27: VCSSM MHS. SCHOOL | D27: MR.ANBARASU | E27: 9600366634 | F27: THUDIYALUR | G27: MATRIC | H27: 1100 | CC27: =COUNTA(I27:CB27) -> 0 | CG27: =IF(CC27<=0,"0",IF(CC27=1,"1",IF(CC27=2,"2",IF(CC27=3,"3",IF(CC27>=4,"4"))))) -> 0
A29: 20 | B29: KALAIMAGAL M.H.S.SCHOOL | D29: MRS.DEVI | E29: 9952788798 | F29: ONDIPUDUR | G29: MATRIC | H29: 450 | CC29: =COUNTA(I29:CB29) -> 0 | CG29: =IF(CC29<=0,"0",IF(CC29=1,"1",IF(CC29=2,"2",IF(CC29=3,"3",IF(CC29>=4,"4"))))) -> 0
A75: 1 | B75: VIAN VEENAI PUBLIC SCHOOL | E75: 8870196601 | F75: OLHAKKAL MANDAPARO COIMBATORE | G75: CBSE | H75: 350 | CC75: =COUNTA(I75:CB75) -> 0 | CG75: =IF(CC75<=0,"0",IF(CC75=1,"1",IF(CC75=2,"2",IF(CC75=3,"3",IF(CC75>=4,"4"))))) -> 0 | CH75: DELETE 12TH JUNE
A102: 1 | B102: ASHRAM M.H.S.SCHOOL | D102: MR.DEVENDRAN | E102: 0422-2607029 | F102: KOVAIPUDUR | G102: MAT | H102: 1000 | CC102: =COUNTA(I102:BV102) -> 0 | CG102: =IF(CC102<=0,"0",IF(CC102=1,"1",IF(CC102=2,"2",IF(CC102=3,"3",IF(CC102>=4,"4"))))) -> 0
A103: 2 | B103: CHAVARA VIDYA BHAVAN M.H.S.SCHOOL | D103: MR.KARTHIK | E103: 0422-2423451 | F103: SOMAYAMPALAYAM | G103: MAT | H103: 850 | CC103: =COUNTA(I103:BV103) -> 0 | CG103: =IF(CC103<=0,"0",IF(CC103=1,"1",IF(CC103=2,"2",IF(CC103=3,"3",IF(CC103>=4,"4"))))) -> 0
A104: 4 | B104: G.K.D.M.H.S.SCHOOL | D104: MRS.PRASANNA RADHA KRISHNAN | E104: 0422-2693335 | F104: PERIYANAYAKENPALAYAM | G104: MAT | H104: 2000 | CC104: =COUNTA(I104:BV104) -> 0 | CG104: =IF(CC104<=0,"0",IF(CC104=1,"1",IF(CC104=2,"2",IF(CC104=3,"3",IF(CC104>=4,"4"))))) -> 0
A105: 7 | B105: K.P.M MHS SCHOOL | C105: kpmtrust@gmail.com | D105: MR.KARUNANIDHI | E105: 7708911555 | F105: EACHANARI | G105: MATRIC | H105: 1100 | CC105: =COUNTA(I105:BV105) -> 0 | CG105: =IF(CC105<=0,"0",IF(CC105=1,"1",IF(CC105=2,"2",IF(CC105=3,"3",IF(CC105>=4,"4"))))) -> 0
A106: 13 | B106: SHREE DHARMASASTHA M.H.S.SCHOOL | D106: MRS.DHANALAKSHMI | E106: 8015686242 | F106: VILLANKURICHI | G106: MAT | H106: 2400 | CC106: =COUNTA(I106:BV106) -> 0 | CG106: =IF(CC106<=0,"0",IF(CC106=1,"1",IF(CC106=2,"2",IF(CC106=3,"3",IF(CC106>=4,"4"))))) -> 0
A107: 14 | B107: SIDDHA NAIDU M.H.S.SCHOOL | D107: MR.SATHISH | E107: 0422-2243924 | F107: SIDHAPUR | G107: MAT | H107: 625 | CC107: =COUNTA(I107:BV107) -> 0 | CG107: =IF(CC107<=0,"0",IF(CC107=1,"1",IF(CC107=2,"2",IF(CC107=3,"3",IF(CC107>=4,"4"))))) -> 0
A108: 18 | B108: VIDYAA VIKAS M.H.S.SCHOOL | D108: MR.SURESH | E108: 9842255399 | F108: KARAMADAI | G108: MAT | H108: 2500 | CC108: =COUNTA(I108:BV108) -> 0 | CG108: =IF(CC108<=0,"0",IF(CC108=1,"1",IF(CC108=2,"2",IF(CC108=3,"3",IF(CC108>=4,"4"))))) -> 0
A109: 20 | B109: AMRITA VIDYALAYAM PUBLIC SCHOOL | D109: MR.ARUMUGAM | E109: 0422-2656621 | F109: NALLAMPALAYAM | G109: CBSE | H109: 2000 | CC109: =COUNTA(I109:BV109) -> 0 | CG109: =IF(CC109<=0,"0",IF(CC109=1,"1",IF(CC109=2,"2",IF(CC109=3,"3",IF(CC109>=4,"4"))))) -> 0
A110: 21 | B110: NAIRS PUBLIC SCHOOL | D110: MR. KAMALA | E110: 8144458296 | F110: COIMBATORE | G110: CBSE | H110: 200 | CC110: =COUNTA(I110:BV110) -> 0 | CG110: =IF(CC110<=0,"0",IF(CC110=1,"1",IF(CC110=2,"2",IF(CC110=3,"3",IF(CC110>=4,"4"))))) -> 0
A111: 24 | B111: VIYAN VEENAI PUBLIC SCHOOL | D111: MR.RASHIK | E111: 9791504764 | F111: OTHTHAKAL MANDABAM | G111: CBSE & MATRIC | H111: 650 | CC111: =COUNTA(I111:BV111) -> 0 | CG111: =IF(CC111<=0,"0",IF(CC111=1,"1",IF(CC111=2,"2",IF(CC111=3,"3",IF(CC111>=4,"4"))))) -> 0

Sheet Thanjavur
A1: THANJAVUR
A2: SR. NO | B2: NAME OF SCHOOL | C2: E. MAIL ID . | D2: PRINCIPAL/TEACHER NAME | E2: CONT NO | F2: ADDRESS | G2: BOARD | H2: STR | I2: SEP-IST | L2: SEP-2ND | O2: OCT 1ST | R2: OCT 2ND | U2: NOV 1ST | X2: NOV 2ND | AA2: DEC 1ST | AD2: DEC 2ND | AG2: JAN 1ST | AJ2: JAN 2ND | AM2: FEB 1ST | AP2: FEB 2ND | AS2: MAR 1ST | AV2: MAR 2ND | AY2: APR 1ST | BB2: APR 2ND | BE2: MAY 1ST | BH2: MAY 2ND | BK2: JUN 1ST | BN2: JUN 2ND | BQ2: JUL 1ST | BT2: JUL 2ND | BW2: C | BX2: SPECIMEN- GIVEN | BY2: SPECIMEN - REQ. | BZ2: VISIT DETIALS & COMMENTS | CB2: REMARKS VIA CALL & MAIL
I3: I | J3: II | K3: III | L3: I | M3: II | N3: III | O3: I | P3: II | Q3: III | R3: I | S3: II | T3: III | U3: I | V3: II | W3: III | X3: I | Y3: II | Z3: III | AA3: I | AB3: II | AC3: III | AD3: I | AE3: II | AF3: III | AG3: I | AH3: II | AI3: III | AJ3: I | AK3: II | AL3: III | AM3: I | AN3: II | AO3: III | AP3: I | AQ3: II | AR3: III | AS3: I | AT3: II | AU3: III | AV3: I | AW3: II | AX3: III | AY3: I | AZ3: II | BA3: III | BB3: I | BC3: II | BD3: III | BE3: I | BF3: II | BG3: III | BH3: I | BI3: II | BJ3: III | BK3: I | BL3: II | BM3: III | BN3: I | BO3: II | BP3: III | BQ3: I | BR3: II | BS3: III | BT3: I | BU3: II | BV3: III
A4: 1 | B4: PRASIDDHI VIDYODAYA SCHOOL | D4: MRS. MADHURI | E4: 9789295591 | BW4: =COUNTA(I4:BV4) -> 0 | CA4: =IF(BW4<=0,"0",IF(BW4=1,"1",IF(BW4=2,"2",IF(BW4=3,"3",IF(BW4>=4,"4"))))) -> 0
A48: 2 | B48: LITTLE ANGEL'S ENGLISH HR SEC SCHOOL | F48: KARUR | G48: CBSE | H48: 1500 | BW48: =COUNTA(I48:AX48) -> 0 | BZ48: APR 10: DELETE | CA48: =IF(BW48<=0,"0",IF(BW48=1,"1",IF(BW48=2,"2",IF(BW48=3,"3",IF(BW48>=4,"4"))))) -> 0
A49: 4 | B49: AKSHARA YOVA KIDS SCHOOL | E49: 7947327401 | F49: RAMAKRISHNAPURAM | G49: MATRIC | H49: 700 | BW49: =COUNTA(I49:AX49) -> 0 | BZ49: APR 10: DELETE | CA49: =IF(BW49<=0,"0",IF(BW49=1,"1",IF(BW49=2,"2",IF(BW49=3,"3",IF(BW49>=4,"4"))))) -> 0
A50: 9 | B50: EQUITAS GURU GULAM MHS SCHOOL | F50: KARUR | G50: MATRIC | BW50: =COUNTA(I50:AX50) -> 0 | BZ50: APR 10: DELETE | CA50: =IF(BW50<=0,"0",IF(BW50=1,"1",IF(BW50=2,"2",IF(BW50=3,"3",IF(BW50>=4,"4"))))) -> 0
A51: 10 | B51: EQUITAS GURUKULAM MHS SCHOOL | E51: 4324221661 | F51: VENGAMEDU KARUR | G51: MATRIC | H51: 650 | BW51: =COUNTA(I51:AX51) -> 0 | BZ51: APR 10: DELETE | CA51: =IF(BW51<=0,"0",IF(BW51=1,"1",IF(BW51=2,"2",IF(BW51=3,"3",IF(BW51>=4,"4"))))) -> 0
A52: 13 | B52: SHREE SHANKARA VIDYALAYA | F52: KARUR | G52: MATRIC | BW52: =COUNTA(I52:AX52) -> 0 | BZ52: APR 10: DELETE | CA52: =IF(BW52<=0,"0",IF(BW52=1,"1",IF(BW52=2,"2",IF(BW52=3,"3",IF(BW52>=4,"4"))))) -> 0
A53: 14 | B53: SRI GURU BRAMMA VIDYALAYA MHS SCHOOL | E53: 7402722048 | F53: THILLAI NAGAR | G53: MATRIC | H53: 1000 | BW53: =COUNTA(I53:AX53) -> 0 | BZ53: APR 10: DELETE | CA53: =IF(BW53<=0,"0",IF(BW53=1,"1",IF(BW53=2,"2",IF(BW53=3,"3",IF(BW53>=4,"4"))))) -> 0
